h_id,DateTime,import_energy,export_energy
MAC000311,2013-06-02 00:00:00,0.0,0.0
MAC000311,2013-06-02 01:00:00,0.0,0.0
MAC000311,2013-06-02 02:00:00,0.0,0.0
MAC000311,2013-06-02 03:00:00,0.0,0.0
MAC000311,2013-06-02 04:00:00,0.0,0.0
MAC000311,2013-06-02 05:00:00,0.0,0.0
MAC000311,2013-06-02 06:00:00,0.0,0.0
MAC000311,2013-06-02 07:00:00,0.0,0.0
MAC000311,2013-06-02 08:00:00,0.0,0.0
MAC000311,2013-06-02 09:00:00,0.0,0.0
MAC000311,2013-06-02 10:00:00,0.0,0.0
MAC000311,2013-06-02 11:00:00,0.0,0.0
MAC000311,2013-06-02 12:00:00,0.0,1.3078639247545598
MAC000311,2013-06-02 13:00:00,0.0,2.1321111046676635
MAC000311,2013-06-02 14:00:00,0.0,1.377515836402893
MAC000311,2013-06-02 15:00:00,0.0,1.8214323172251379
MAC000311,2013-06-02 16:00:00,0.0,0.8609062830848695
MAC000311,2013-06-02 17:00:00,0.0,0.5797406829490661
MAC000311,2013-06-02 18:00:00,0.0,0.0
MAC000311,2013-06-02 19:00:00,0.0,0.0
MAC000311,2013-06-02 20:00:00,0.0,0.0
MAC000311,2013-06-02 21:00:00,0.0,0.0
MAC000311,2013-06-02 22:00:00,0.0,0.0
MAC000311,2013-06-02 23:00:00,0.0,0.0
MAC000311,2013-06-03 00:00:00,0.0,0.0
MAC000311,2013-06-03 01:00:00,0.0,0.0
MAC000311,2013-06-03 02:00:00,0.0,0.0
MAC000311,2013-06-03 03:00:00,0.0,0.0
MAC000311,2013-06-03 04:00:00,0.0,0.0
MAC000311,2013-06-03 05:00:00,0.0,0.0
MAC000311,2013-06-03 06:00:00,0.0,0.0
MAC000311,2013-06-03 07:00:00,0.0,0.0
MAC000311,2013-06-03 08:00:00,0.0,0.0
MAC000311,2013-06-03 09:00:00,0.0,0.0
MAC000311,2013-06-03 10:00:00,0.0,0.0
MAC000311,2013-06-03 11:00:00,0.0,2.8886218371710797
MAC000311,2013-06-03 12:00:00,0.0,3.263536199786186
MAC000311,2013-06-03 13:00:00,0.0,2.372746099454562
MAC000311,2013-06-03 14:00:00,0.0,2.8292641645510996
MAC000311,2013-06-03 15:00:00,0.0,2.2853583737436933
MAC000311,2013-06-03 16:00:00,0.0,1.2251643554045357
MAC000311,2013-06-03 17:00:00,0.0,0.8390309221490224
MAC000311,2013-06-03 18:00:00,0.0,0.18294945833333331
MAC000311,2013-06-03 19:00:00,0.0,0.0
MAC000311,2013-06-03 20:00:00,0.0,0.0
MAC000311,2013-06-03 21:00:00,0.0,0.0
MAC000311,2013-06-03 22:00:00,0.0,0.0
MAC000311,2013-06-03 23:00:00,0.0,0.0
MAC000311,2013-06-04 00:00:00,0.0,0.0
MAC000311,2013-06-04 01:00:00,0.0,0.0
MAC000311,2013-06-04 02:00:00,0.0,0.0
MAC000311,2013-06-04 03:00:00,0.0,0.0
MAC000311,2013-06-04 04:00:00,0.0,0.0
MAC000311,2013-06-04 05:00:00,0.0,0.0
MAC000311,2013-06-04 06:00:00,0.0,0.0
MAC000311,2013-06-04 07:00:00,0.0,0.0
MAC000311,2013-06-04 08:00:00,0.0,0.0
MAC000311,2013-06-04 09:00:00,0.0,0.0
MAC000311,2013-06-04 10:00:00,0.0,1.3603966486121741
MAC000311,2013-06-04 11:00:00,0.0,3.125610349281947
MAC000311,2013-06-04 12:00:00,0.0,3.2007983988927204
MAC000311,2013-06-04 13:00:00,0.0,3.067925961510976
MAC000311,2013-06-04 14:00:00,0.0,2.5968488470961253
MAC000311,2013-06-04 15:00:00,0.0,2.201986583817164
MAC000311,2013-06-04 16:00:00,0.0,1.6994488762842814
MAC000311,2013-06-04 17:00:00,0.0,0.9301449104582467
MAC000311,2013-06-04 18:00:00,0.0,0.1769675345204671
MAC000311,2013-06-04 19:00:00,0.0,0.0
MAC000311,2013-06-04 20:00:00,0.0,0.0
MAC000311,2013-06-04 21:00:00,0.0,0.0
MAC000311,2013-06-04 22:00:00,0.0,0.0
MAC000311,2013-06-04 23:00:00,0.0,0.0
MAC000311,2013-06-05 00:00:00,0.0,0.0
MAC000311,2013-06-05 01:00:00,0.0,0.0
MAC000311,2013-06-05 02:00:00,0.0,0.0
MAC000311,2013-06-05 03:00:00,0.0,0.0
MAC000311,2013-06-05 04:00:00,0.0,0.0
MAC000311,2013-06-05 05:00:00,0.0,0.0
MAC000311,2013-06-05 06:00:00,0.0,0.0
MAC000311,2013-06-05 07:00:00,0.0,0.0
MAC000311,2013-06-05 08:00:00,0.0,0.0
MAC000311,2013-06-05 09:00:00,0.0,0.0
MAC000311,2013-06-05 10:00:00,0.0,0.0
MAC000311,2013-06-05 11:00:00,0.0,2.4423135358322026
MAC000311,2013-06-05 12:00:00,0.0,3.1705847479432423
MAC000311,2013-06-05 13:00:00,0.0,2.9818999166717526
MAC000311,2013-06-05 14:00:00,0.0,2.7113670704625448
MAC000311,2013-06-05 15:00:00,0.0,1.905452231419881
MAC000311,2013-06-05 16:00:00,0.0,0.7611148143170674
MAC000311,2013-06-05 17:00:00,0.0,0.010417789370218977
MAC000311,2013-06-05 18:00:00,0.0,0.0
MAC000311,2013-06-05 19:00:00,0.0,0.0
MAC000311,2013-06-05 20:00:00,0.0,0.0
MAC000311,2013-06-05 21:00:00,0.0,0.0
MAC000311,2013-06-05 22:00:00,0.0,0.0
MAC000311,2013-06-05 23:00:00,0.0,0.0
MAC000311,2013-06-06 00:00:00,0.0,0.0
MAC000311,2013-06-06 01:00:00,0.0,0.0
MAC000311,2013-06-06 02:00:00,0.0,0.0
MAC000311,2013-06-06 03:00:00,0.0,0.0
MAC000311,2013-06-06 04:00:00,0.0,0.0
MAC000311,2013-06-06 05:00:00,0.0,0.0
MAC000311,2013-06-06 06:00:00,0.0,0.0
MAC000311,2013-06-06 07:00:00,0.0,0.0
MAC000311,2013-06-06 08:00:00,0.0,0.0
MAC000311,2013-06-06 09:00:00,0.0,0.0
MAC000311,2013-06-06 10:00:00,0.0,0.0
MAC000311,2013-06-06 11:00:00,0.0,2.236616677837062
MAC000311,2013-06-06 12:00:00,0.0,3.0437180845553082
MAC000311,2013-06-06 13:00:00,0.0,2.8770727383880614
MAC000311,2013-06-06 14:00:00,0.0,2.5169213190167747
MAC000311,2013-06-06 15:00:00,0.0,1.9495409857457475
MAC000311,2013-06-06 16:00:00,0.0,1.3585229582277933
MAC000311,2013-06-06 17:00:00,0.0,0.645745901725769
MAC000311,2013-06-06 18:00:00,0.0,0.02247635456212349
MAC000311,2013-06-06 19:00:00,0.0,0.0
MAC000311,2013-06-06 20:00:00,0.0,0.0
MAC000311,2013-06-06 21:00:00,0.0,0.0
MAC000311,2013-06-06 22:00:00,0.0,0.0
MAC000311,2013-06-06 23:00:00,0.0,0.0
MAC000311,2013-06-07 00:00:00,0.0,0.0
MAC000311,2013-06-07 01:00:00,0.0,0.0
MAC000311,2013-06-07 02:00:00,0.0,0.0
MAC000311,2013-06-07 03:00:00,0.0,0.0
MAC000311,2013-06-07 04:00:00,0.0,0.0
MAC000311,2013-06-07 05:00:00,0.0,0.0
MAC000311,2013-06-07 06:00:00,0.0,0.0
MAC000311,2013-06-07 07:00:00,0.0,0.0
MAC000311,2013-06-07 08:00:00,0.0,0.0
MAC000311,2013-06-07 09:00:00,0.0,0.0
MAC000311,2013-06-07 10:00:00,0.0,0.0
MAC000311,2013-06-07 11:00:00,0.0,0.0
MAC000311,2013-06-07 12:00:00,0.0,0.0
MAC000311,2013-06-07 13:00:00,0.0,0.0
MAC000311,2013-06-07 14:00:00,0.0,0.0
MAC000311,2013-06-07 15:00:00,0.0,0.0
MAC000311,2013-06-07 16:00:00,0.0,0.0
MAC000311,2013-06-07 17:00:00,0.0,0.0
MAC000311,2013-06-07 18:00:00,0.0,0.0
MAC000311,2013-06-07 19:00:00,0.0,0.0
MAC000311,2013-06-07 20:00:00,0.0,0.0
MAC000311,2013-06-07 21:00:00,0.0,0.0
MAC000311,2013-06-07 22:00:00,0.0,0.0
MAC000311,2013-06-07 23:00:00,0.0,0.0
MAC000311,2013-06-08 00:00:00,0.0,0.0
MAC000311,2013-06-08 01:00:00,0.0,0.0
MAC000311,2013-06-08 02:00:00,0.0,0.0
MAC000311,2013-06-08 03:00:00,0.0,0.0
MAC000311,2013-06-08 04:00:00,0.0,0.0
MAC000311,2013-06-08 05:00:00,0.0,0.0
MAC000311,2013-06-08 06:00:00,0.0,0.0
MAC000311,2013-06-08 07:00:00,0.0,0.0
MAC000311,2013-06-08 08:00:00,0.0,0.0
MAC000311,2013-06-08 09:00:00,0.0,0.0
MAC000311,2013-06-08 10:00:00,0.0,0.0
MAC000311,2013-06-08 11:00:00,0.0,0.5024661965980082
MAC000311,2013-06-08 12:00:00,0.0,2.6186645814247127
MAC000311,2013-06-08 13:00:00,0.0,2.24419221942393
MAC000311,2013-06-08 14:00:00,0.0,2.290739271498362
MAC000311,2013-06-08 15:00:00,0.0,1.783018588736216
MAC000311,2013-06-08 16:00:00,0.0,1.208216055478414
MAC000311,2013-06-08 17:00:00,0.0,0.4324736963475546
MAC000311,2013-06-08 18:00:00,0.0,0.0
MAC000311,2013-06-08 19:00:00,0.0,0.0
MAC000311,2013-06-08 20:00:00,0.0,0.0
MAC000311,2013-06-08 21:00:00,0.0,0.0
MAC000311,2013-06-08 22:00:00,0.0,0.0
MAC000311,2013-06-08 23:00:00,0.0,0.0
MAC000311,2013-06-09 00:00:00,0.0,0.0
MAC000311,2013-06-09 01:00:00,0.0,0.0
MAC000311,2013-06-09 02:00:00,0.0,0.0
MAC000311,2013-06-09 03:00:00,0.0,0.0
MAC000311,2013-06-09 04:00:00,0.0,0.0
MAC000311,2013-06-09 05:00:00,0.0,0.0
MAC000311,2013-06-09 06:00:00,0.0,0.0
MAC000311,2013-06-09 07:00:00,0.0,0.0
MAC000311,2013-06-09 08:00:00,0.0,0.0
MAC000311,2013-06-09 09:00:00,0.0,0.0
MAC000311,2013-06-09 10:00:00,0.0,0.0
MAC000311,2013-06-09 11:00:00,0.0,0.0
MAC000311,2013-06-09 12:00:00,0.0,0.0
MAC000311,2013-06-09 13:00:00,0.0,0.0
MAC000311,2013-06-09 14:00:00,0.0,0.0
MAC000311,2013-06-09 15:00:00,0.0,0.0
MAC000311,2013-06-09 16:00:00,0.0,0.0
MAC000311,2013-06-09 17:00:00,0.0,0.0
MAC000311,2013-06-09 18:00:00,0.0,0.0
MAC000311,2013-06-09 19:00:00,0.0,0.0
MAC000311,2013-06-09 20:00:00,0.0,0.0
MAC000311,2013-06-09 21:00:00,0.0,0.0
MAC000311,2013-06-09 22:00:00,0.14917370619179804,0.0
MAC000311,2013-06-09 23:00:00,0.5192337036132812,0.0
MAC000311,2013-06-10 00:00:00,0.34031403064727783,0.0
MAC000311,2013-06-10 01:00:00,0.2359340488910675,0.0
MAC000311,2013-06-10 02:00:00,0.20312552154064178,0.0
MAC000311,2013-06-10 03:00:00,0.28958776593208313,0.0
MAC000311,2013-06-10 04:00:00,0.48343534791437787,0.0
MAC000311,2013-06-10 05:00:00,0.7045716751937866,0.0
MAC000311,2013-06-10 06:00:00,0.9010907367223104,0.0
MAC000311,2013-06-10 07:00:00,0.8742810096257527,0.0
MAC000311,2013-06-10 08:00:00,0.6677127698567709,0.0
MAC000311,2013-06-10 09:00:00,0.28672678397242235,0.0
MAC000311,2013-06-10 10:00:00,0.0,0.0
MAC000311,2013-06-10 11:00:00,0.0,0.0
MAC000311,2013-06-10 12:00:00,0.0,0.0
MAC000311,2013-06-10 13:00:00,0.0,0.0
MAC000311,2013-06-10 14:00:00,0.0,0.0
MAC000311,2013-06-10 15:00:00,0.0,0.0
MAC000311,2013-06-10 16:00:00,0.0,0.0
MAC000311,2013-06-10 17:00:00,0.0,0.0
MAC000311,2013-06-10 18:00:00,0.0,0.0
MAC000311,2013-06-10 19:00:00,0.0,0.0
MAC000311,2013-06-10 20:00:00,0.0,0.0
MAC000311,2013-06-10 21:00:00,0.0,0.0
MAC000311,2013-06-10 22:00:00,0.0,0.0
MAC000311,2013-06-10 23:00:00,0.0,0.0
MAC000311,2013-06-11 00:00:00,0.0,0.0
MAC000311,2013-06-11 01:00:00,0.0,0.0
MAC000311,2013-06-11 02:00:00,0.07926768024726645,0.0
MAC000311,2013-06-11 03:00:00,0.29707566268285074,0.0
MAC000311,2013-06-11 04:00:00,0.5414488801460267,0.0
MAC000311,2013-06-11 05:00:00,0.8364675211474101,0.0
MAC000311,2013-06-11 06:00:00,0.786315261294047,0.0
MAC000311,2013-06-11 07:00:00,0.4775987383346558,0.0
MAC000311,2013-06-11 08:00:00,0.16621921395365402,0.0
MAC000311,2013-06-11 09:00:00,0.0,0.0
MAC000311,2013-06-11 10:00:00,0.0,0.0
MAC000311,2013-06-11 11:00:00,0.0,0.0
MAC000311,2013-06-11 12:00:00,0.0,0.0
MAC000311,2013-06-11 13:00:00,0.0,0.0
MAC000311,2013-06-11 14:00:00,0.0,0.0
MAC000311,2013-06-11 15:00:00,0.0,0.0
MAC000311,2013-06-11 16:00:00,0.0,0.0
MAC000311,2013-06-11 17:00:00,0.0,0.0
MAC000311,2013-06-11 18:00:00,0.0,0.0
MAC000311,2013-06-11 19:00:00,0.0,0.0
MAC000311,2013-06-11 20:00:00,0.0,0.0
MAC000311,2013-06-11 21:00:00,0.17413411921218502,0.0
MAC000311,2013-06-11 22:00:00,0.7796573042869568,0.0
MAC000311,2013-06-11 23:00:00,0.6089044213294983,0.0
MAC000311,2013-06-12 00:00:00,0.4242066442966461,0.0
MAC000311,2013-06-12 01:00:00,0.26865169405937195,0.0
MAC000311,2013-06-12 02:00:00,0.20928193628787994,0.0
MAC000311,2013-06-12 03:00:00,0.28508391976356506,0.0
MAC000311,2013-06-12 04:00:00,0.4666040711746216,0.0
MAC000311,2013-06-12 05:00:00,0.6982003501141866,0.0
MAC000311,2013-06-12 06:00:00,0.9599740372873942,0.0
MAC000311,2013-06-12 07:00:00,0.8253784567337036,0.0
MAC000311,2013-06-12 08:00:00,0.10485042641194675,0.0
MAC000311,2013-06-12 09:00:00,0.0,0.0
MAC000311,2013-06-12 10:00:00,0.0,0.0
MAC000311,2013-06-12 11:00:00,0.0,0.0
MAC000311,2013-06-12 12:00:00,0.0,0.0
MAC000311,2013-06-12 13:00:00,0.0,0.0
MAC000311,2013-06-12 14:00:00,0.0,0.0
MAC000311,2013-06-12 15:00:00,0.0,0.0
MAC000311,2013-06-12 16:00:00,0.0,0.0
MAC000311,2013-06-12 17:00:00,0.0,0.0
MAC000311,2013-06-12 18:00:00,0.0,0.0
MAC000311,2013-06-12 19:00:00,0.0,0.0
MAC000311,2013-06-12 20:00:00,0.4983167577820997,0.0
MAC000311,2013-06-12 21:00:00,0.823955774307251,0.0
MAC000311,2013-06-12 22:00:00,0.7230309247970581,0.0
MAC000311,2013-06-12 23:00:00,0.5619266629219055,0.0
MAC000311,2013-06-13 00:00:00,0.406587153673172,0.0
MAC000311,2013-06-13 01:00:00,0.3115234971046448,0.0
MAC000311,2013-06-13 02:00:00,0.2986288368701935,0.0
MAC000311,2013-06-13 03:00:00,0.40636083483695984,0.0
MAC000311,2013-06-13 04:00:00,0.6017500517222086,0.0
MAC000311,2013-06-13 05:00:00,0.8261396731961568,0.0
MAC000311,2013-06-13 06:00:00,1.0076958059183756,0.0
MAC000311,2013-06-13 07:00:00,0.9578636812616984,0.0
MAC000311,2013-06-13 08:00:00,0.7961163542277019,0.0
MAC000311,2013-06-13 09:00:00,0.2185163039906819,0.0
MAC000311,2013-06-13 10:00:00,0.0,0.0
MAC000311,2013-06-13 11:00:00,0.0,0.0
MAC000311,2013-06-13 12:00:00,0.0,0.0
MAC000311,2013-06-13 13:00:00,0.0,0.0
MAC000311,2013-06-13 14:00:00,0.0,0.0
MAC000311,2013-06-13 15:00:00,0.0,0.0
MAC000311,2013-06-13 16:00:00,0.0,0.0
MAC000311,2013-06-13 17:00:00,0.0,0.0
MAC000311,2013-06-13 18:00:00,0.0,0.0
MAC000311,2013-06-13 19:00:00,0.0,0.0
MAC000311,2013-06-13 20:00:00,0.0,0.0
MAC000311,2013-06-13 21:00:00,0.0,0.0
MAC000311,2013-06-13 22:00:00,0.0,0.0
MAC000311,2013-06-13 23:00:00,0.0,0.0
MAC000311,2013-06-14 00:00:00,0.0,0.0
MAC000311,2013-06-14 01:00:00,0.0,0.0
MAC000311,2013-06-14 02:00:00,0.12314121105963716,0.0
MAC000311,2013-06-14 03:00:00,0.3702687866827647,0.0
MAC000311,2013-06-14 04:00:00,0.36720355069351196,0.0
MAC000311,2013-06-14 05:00:00,0.37808216355896,0.0
MAC000311,2013-06-14 06:00:00,0.34874838567860933,0.0
MAC000311,2013-06-14 07:00:00,0.31499612237548835,0.0
MAC000311,2013-06-14 08:00:00,0.0,0.0
MAC000311,2013-06-14 09:00:00,0.21028919992965692,0.0
MAC000311,2013-06-14 10:00:00,0.0,0.0
MAC000311,2013-06-14 11:00:00,0.0,0.0
MAC000311,2013-06-14 12:00:00,0.0,0.0
MAC000311,2013-06-14 13:00:00,0.0,0.0
MAC000311,2013-06-14 14:00:00,0.0,0.7127850827420552
MAC000311,2013-06-14 15:00:00,0.0,2.04074234582138
MAC000311,2013-06-14 16:00:00,0.0,1.188947667989095
MAC000311,2013-06-14 17:00:00,0.0,0.0
MAC000311,2013-06-14 18:00:00,0.0,0.0
MAC000311,2013-06-14 19:00:00,0.0,0.0
MAC000311,2013-06-14 20:00:00,0.0,0.0
MAC000311,2013-06-14 21:00:00,0.0,0.0
MAC000311,2013-06-14 22:00:00,0.0,0.0
MAC000311,2013-06-14 23:00:00,0.0,0.0
MAC000311,2013-06-15 00:00:00,0.0,0.0
MAC000311,2013-06-15 01:00:00,0.0,0.0
MAC000311,2013-06-15 02:00:00,0.0,0.0
MAC000311,2013-06-15 03:00:00,0.0,0.0
MAC000311,2013-06-15 04:00:00,0.0,0.0
MAC000311,2013-06-15 05:00:00,0.0,0.0
MAC000311,2013-06-15 06:00:00,0.0,0.0
MAC000311,2013-06-15 07:00:00,0.0,0.0
MAC000311,2013-06-15 08:00:00,0.0,0.0
MAC000311,2013-06-15 09:00:00,0.0,0.0
MAC000311,2013-06-15 10:00:00,0.0,0.0
MAC000311,2013-06-15 11:00:00,0.0,0.0
MAC000311,2013-06-15 12:00:00,0.0,0.0
MAC000311,2013-06-15 13:00:00,0.0,0.0
MAC000311,2013-06-15 14:00:00,0.0,0.0
MAC000311,2013-06-15 15:00:00,0.0,0.0
MAC000311,2013-06-15 16:00:00,0.0,0.4087118572691848
MAC000311,2013-06-15 17:00:00,0.0,0.27170782471084587
MAC000311,2013-06-15 18:00:00,0.0,0.0
MAC000311,2013-06-15 19:00:00,0.0,0.0
MAC000311,2013-06-15 20:00:00,0.0,0.0
MAC000311,2013-06-15 21:00:00,0.0,0.0
MAC000311,2013-06-15 22:00:00,0.0,0.0
MAC000311,2013-06-15 23:00:00,0.0,0.0
MAC000311,2013-06-16 00:00:00,0.0,0.0
MAC000311,2013-06-16 01:00:00,0.0,0.0
MAC000311,2013-06-16 02:00:00,0.0,0.0
MAC000311,2013-06-16 03:00:00,0.0,0.0
MAC000311,2013-06-16 04:00:00,0.0,0.0
MAC000311,2013-06-16 05:00:00,0.0,0.0
MAC000311,2013-06-16 06:00:00,0.0,0.0
MAC000311,2013-06-16 07:00:00,0.0,0.0
MAC000311,2013-06-16 08:00:00,0.0,0.0
MAC000311,2013-06-16 09:00:00,0.0,0.0
MAC000311,2013-06-16 10:00:00,0.0,0.0
MAC000311,2013-06-16 11:00:00,0.0,0.0
MAC000311,2013-06-16 12:00:00,0.0,0.0
MAC000311,2013-06-16 13:00:00,0.0,0.0
MAC000311,2013-06-16 14:00:00,0.0,0.0
MAC000311,2013-06-16 15:00:00,0.0,0.5355508717656848
MAC000311,2013-06-16 16:00:00,0.0,1.1062563531392413
MAC000311,2013-06-16 17:00:00,0.0,0.00996518616994213
MAC000311,2013-06-16 18:00:00,0.0,0.0
MAC000311,2013-06-16 19:00:00,0.0,0.0
MAC000311,2013-06-16 20:00:00,0.0,0.0
MAC000311,2013-06-16 21:00:00,0.0,0.0
MAC000311,2013-06-16 22:00:00,0.0,0.0
MAC000311,2013-06-16 23:00:00,0.0,0.0
MAC000311,2013-06-17 00:00:00,0.0,0.0
MAC000311,2013-06-17 01:00:00,0.0,0.0
MAC000311,2013-06-17 02:00:00,0.0,0.0
MAC000311,2013-06-17 03:00:00,0.0,0.0
MAC000311,2013-06-17 04:00:00,0.0,0.0
MAC000311,2013-06-17 05:00:00,0.0,0.0
MAC000311,2013-06-17 06:00:00,0.0,0.0
MAC000311,2013-06-17 07:00:00,0.7744279843336755,0.0
MAC000311,2013-06-17 08:00:00,0.08491795535786939,0.0
MAC000311,2013-06-17 09:00:00,0.0,0.0
MAC000311,2013-06-17 10:00:00,0.0,0.0
MAC000311,2013-06-17 11:00:00,0.0,0.0
MAC000311,2013-06-17 12:00:00,0.0,0.0
MAC000311,2013-06-17 13:00:00,0.0,0.0
MAC000311,2013-06-17 14:00:00,0.0,0.0
MAC000311,2013-06-17 15:00:00,0.0,0.0
MAC000311,2013-06-17 16:00:00,0.0,0.0
MAC000311,2013-06-17 17:00:00,0.0,0.0
MAC000311,2013-06-17 18:00:00,0.0,0.0
MAC000311,2013-06-17 19:00:00,0.0,0.0
MAC000311,2013-06-17 20:00:00,0.0,0.0
MAC000311,2013-06-17 21:00:00,0.0,0.0
MAC000311,2013-06-17 22:00:00,0.0,0.0
MAC000311,2013-06-17 23:00:00,0.0,0.0
MAC000311,2013-06-18 00:00:00,0.0,0.0
MAC000311,2013-06-18 01:00:00,0.0,0.0
MAC000311,2013-06-18 02:00:00,0.0,0.0
MAC000311,2013-06-18 03:00:00,0.0,0.0
MAC000311,2013-06-18 04:00:00,0.0,0.0
MAC000311,2013-06-18 05:00:00,0.0,0.0
MAC000311,2013-06-18 06:00:00,0.0,0.0
MAC000311,2013-06-18 07:00:00,0.0,0.0
MAC000311,2013-06-18 08:00:00,0.0,0.0
MAC000311,2013-06-18 09:00:00,0.0,0.0
MAC000311,2013-06-18 10:00:00,0.0,0.0
MAC000311,2013-06-18 11:00:00,0.0,0.0
MAC000311,2013-06-18 12:00:00,0.0,0.0
MAC000311,2013-06-18 13:00:00,0.0,0.0
MAC000311,2013-06-18 14:00:00,0.0,0.0
MAC000311,2013-06-18 15:00:00,0.0,0.0
MAC000311,2013-06-18 16:00:00,0.0,0.0
MAC000311,2013-06-18 17:00:00,0.0,0.0
MAC000311,2013-06-18 18:00:00,0.0,0.0
MAC000311,2013-06-18 19:00:00,0.0,0.0
MAC000311,2013-06-18 20:00:00,0.0,0.0
MAC000311,2013-06-18 21:00:00,0.0,0.0
MAC000311,2013-06-18 22:00:00,0.0,0.0
MAC000311,2013-06-18 23:00:00,0.0,0.0
MAC000311,2013-06-19 00:00:00,0.0,0.0
MAC000311,2013-06-19 01:00:00,0.0,0.0
MAC000311,2013-06-19 02:00:00,0.0,0.0
MAC000311,2013-06-19 03:00:00,0.20927003183315823,0.0
MAC000311,2013-06-19 04:00:00,0.5372705997784932,0.0
MAC000311,2013-06-19 05:00:00,0.7801417633908589,0.0
MAC000311,2013-06-19 06:00:00,0.6647192181193033,0.0
MAC000311,2013-06-19 07:00:00,0.08138826657867448,0.0
MAC000311,2013-06-19 08:00:00,0.0,0.0
MAC000311,2013-06-19 09:00:00,0.0,0.0
MAC000311,2013-06-19 10:00:00,0.0,0.0
MAC000311,2013-06-19 11:00:00,0.0,0.0
MAC000311,2013-06-19 12:00:00,0.0,0.0
MAC000311,2013-06-19 13:00:00,0.0,1.4076074821077993
MAC000311,2013-06-19 14:00:00,0.0,1.16565866369311
MAC000311,2013-06-19 15:00:00,0.0,0.028025791912714648
MAC000311,2013-06-19 16:00:00,0.0,0.3780299860115053
MAC000311,2013-06-19 17:00:00,0.0,0.0
MAC000311,2013-06-19 18:00:00,0.0,0.0
MAC000311,2013-06-19 19:00:00,0.0,0.0
MAC000311,2013-06-19 20:00:00,0.0,0.0
MAC000311,2013-06-19 21:00:00,0.0,0.0
MAC000311,2013-06-19 22:00:00,0.0,0.0
MAC000311,2013-06-19 23:00:00,0.0,0.0
MAC000311,2013-06-20 00:00:00,0.0,0.0
MAC000311,2013-06-20 01:00:00,0.0,0.0
MAC000311,2013-06-20 02:00:00,0.0,0.0
MAC000311,2013-06-20 03:00:00,0.0,0.0
MAC000311,2013-06-20 04:00:00,0.0,0.0
MAC000311,2013-06-20 05:00:00,0.0,0.0
MAC000311,2013-06-20 06:00:00,0.0,0.0
MAC000311,2013-06-20 07:00:00,0.1300388808918025,0.0
MAC000311,2013-06-20 08:00:00,0.0,0.0
MAC000311,2013-06-20 09:00:00,0.0,0.0
MAC000311,2013-06-20 10:00:00,0.0,0.0
MAC000311,2013-06-20 11:00:00,0.0,0.0
MAC000311,2013-06-20 12:00:00,0.0,0.0
MAC000311,2013-06-20 13:00:00,0.0,0.0
MAC000311,2013-06-20 14:00:00,0.0,0.0
MAC000311,2013-06-20 15:00:00,0.0,0.0
MAC000311,2013-06-20 16:00:00,0.0,0.0
MAC000311,2013-06-20 17:00:00,0.0,0.0
MAC000311,2013-06-20 18:00:00,0.0,0.0
MAC000311,2013-06-20 19:00:00,0.0,0.0
MAC000311,2013-06-20 20:00:00,0.0,0.0
MAC000311,2013-06-20 21:00:00,0.0,0.0
MAC000311,2013-06-20 22:00:00,0.23583432478490052,0.0
MAC000311,2013-06-20 23:00:00,0.5192427039146423,0.0
MAC000311,2013-06-21 00:00:00,0.3610635995864868,0.0
MAC000311,2013-06-21 01:00:00,0.26938050985336304,0.0
MAC000311,2013-06-21 02:00:00,0.24281692504882812,0.0
MAC000311,2013-06-21 03:00:00,0.309492826461792,0.0
MAC000311,2013-06-21 04:00:00,0.43301776099141437,0.0
MAC000311,2013-06-21 05:00:00,0.5773339013964335,0.0
MAC000311,2013-06-21 06:00:00,0.6866285808893839,0.0
MAC000311,2013-06-21 07:00:00,0.698975538087209,0.0
MAC000311,2013-06-21 08:00:00,0.6490503974469503,0.0
MAC000311,2013-06-21 09:00:00,0.38566681481806436,0.0
MAC000311,2013-06-21 10:00:00,0.0,0.0
MAC000311,2013-06-21 11:00:00,0.0,0.0
MAC000311,2013-06-21 12:00:00,0.0,0.0
MAC000311,2013-06-21 13:00:00,0.0,0.0
MAC000311,2013-06-21 14:00:00,0.0,0.0
MAC000311,2013-06-21 15:00:00,0.0,0.0
MAC000311,2013-06-21 16:00:00,0.0,0.0
MAC000311,2013-06-21 17:00:00,0.0,0.0
MAC000311,2013-06-21 18:00:00,0.0,0.0
MAC000311,2013-06-21 19:00:00,0.0,0.0
MAC000311,2013-06-21 20:00:00,0.0,0.0
MAC000311,2013-06-21 21:00:00,0.0,0.0
MAC000311,2013-06-21 22:00:00,0.0,0.0
MAC000311,2013-06-21 23:00:00,0.0,0.0
MAC000311,2013-06-22 00:00:00,0.0,0.0
MAC000311,2013-06-22 01:00:00,0.0,0.0
MAC000311,2013-06-22 02:00:00,0.0,0.0
MAC000311,2013-06-22 03:00:00,0.0,0.0
MAC000311,2013-06-22 04:00:00,0.0,0.0
MAC000311,2013-06-22 05:00:00,0.0,0.0
MAC000311,2013-06-22 06:00:00,0.0,0.0
MAC000311,2013-06-22 07:00:00,0.0,0.0
MAC000311,2013-06-22 08:00:00,0.3276163496488596,0.0
MAC000311,2013-06-22 09:00:00,0.0,0.0
MAC000311,2013-06-22 10:00:00,0.0,0.0
MAC000311,2013-06-22 11:00:00,0.0,0.0
MAC000311,2013-06-22 12:00:00,0.0,0.0
MAC000311,2013-06-22 13:00:00,0.0,0.0
MAC000311,2013-06-22 14:00:00,0.0,0.0
MAC000311,2013-06-22 15:00:00,0.0,0.0
MAC000311,2013-06-22 16:00:00,0.0,0.0
MAC000311,2013-06-22 17:00:00,0.0,0.0
MAC000311,2013-06-22 18:00:00,0.0,0.0
MAC000311,2013-06-22 19:00:00,0.0,0.0
MAC000311,2013-06-22 20:00:00,0.24705267030415268,0.0
MAC000311,2013-06-22 21:00:00,0.8602795600891113,0.0
MAC000311,2013-06-22 22:00:00,0.7161896228790283,0.0
MAC000311,2013-06-22 23:00:00,0.5191251039505005,0.0
MAC000311,2013-06-23 00:00:00,0.30648142099380493,0.0
MAC000311,2013-06-23 01:00:00,0.12458865344524384,0.0
MAC000311,2013-06-23 02:00:00,0.007096961140632629,0.0
MAC000311,2013-06-23 03:00:00,0.0,0.0
MAC000311,2013-06-23 04:00:00,0.017564883020718895,0.0
MAC000311,2013-06-23 05:00:00,0.0,0.0
MAC000311,2013-06-23 06:00:00,0.0,0.0
MAC000311,2013-06-23 07:00:00,0.0,0.0
MAC000311,2013-06-23 08:00:00,0.0,0.0
MAC000311,2013-06-23 09:00:00,0.0,0.0
MAC000311,2013-06-23 10:00:00,0.0,0.0
MAC000311,2013-06-23 11:00:00,0.0,0.0
MAC000311,2013-06-23 12:00:00,0.0,0.0
MAC000311,2013-06-23 13:00:00,0.0,0.0
MAC000311,2013-06-23 14:00:00,0.0,0.0
MAC000311,2013-06-23 15:00:00,0.0,0.0
MAC000311,2013-06-23 16:00:00,0.0,0.0
MAC000311,2013-06-23 17:00:00,0.0,0.0
MAC000311,2013-06-23 18:00:00,0.0,0.0
MAC000311,2013-06-23 19:00:00,0.0,0.0
MAC000311,2013-06-23 20:00:00,0.0,0.0
MAC000311,2013-06-23 21:00:00,0.0,0.0
MAC000311,2013-06-23 22:00:00,0.4844075736584179,0.0
MAC000311,2013-06-23 23:00:00,0.49612316489219666,0.0
MAC000311,2013-06-24 00:00:00,0.3080264925956726,0.0
MAC000311,2013-06-24 01:00:00,0.1927012801170349,0.0
MAC000311,2013-06-24 02:00:00,0.15752947330474854,0.0
MAC000311,2013-06-24 03:00:00,0.24937132000923157,0.0
MAC000311,2013-06-24 04:00:00,0.43146916066805524,0.0
MAC000311,2013-06-24 05:00:00,0.6244301082636515,0.0
MAC000311,2013-06-24 06:00:00,0.8312027498016358,0.0
MAC000311,2013-06-24 07:00:00,0.4877866131006876,0.0
MAC000311,2013-06-24 08:00:00,0.0,0.0
MAC000311,2013-06-24 09:00:00,0.0,0.0
MAC000311,2013-06-24 10:00:00,0.0,0.0
MAC000311,2013-06-24 11:00:00,0.0,0.0
MAC000311,2013-06-24 12:00:00,0.0,0.0
MAC000311,2013-06-24 13:00:00,0.0,0.0
MAC000311,2013-06-24 14:00:00,0.0,0.0
MAC000311,2013-06-24 15:00:00,0.0,0.0
MAC000311,2013-06-24 16:00:00,0.0,0.0
MAC000311,2013-06-24 17:00:00,0.0,0.0
MAC000311,2013-06-24 18:00:00,0.0,0.0
MAC000311,2013-06-24 19:00:00,0.0,0.0
MAC000311,2013-06-24 20:00:00,0.0,0.0
MAC000311,2013-06-24 21:00:00,0.0,0.0
MAC000311,2013-06-24 22:00:00,0.0,0.0
MAC000311,2013-06-24 23:00:00,0.0,0.0
MAC000311,2013-06-25 00:00:00,0.0,0.0
MAC000311,2013-06-25 01:00:00,0.0,0.0
MAC000311,2013-06-25 02:00:00,0.0,0.0
MAC000311,2013-06-25 03:00:00,0.0,0.0
MAC000311,2013-06-25 04:00:00,0.0,0.0
MAC000311,2013-06-25 05:00:00,0.31395785261246273,0.0
MAC000311,2013-06-25 06:00:00,0.6189766843363439,0.0
MAC000311,2013-06-25 07:00:00,0.0,0.0
MAC000311,2013-06-25 08:00:00,0.0,0.0
MAC000311,2013-06-25 09:00:00,0.0,0.0
MAC000311,2013-06-25 10:00:00,0.0,0.0
MAC000311,2013-06-25 11:00:00,0.0,0.0
MAC000311,2013-06-25 12:00:00,0.0,0.0
MAC000311,2013-06-25 13:00:00,0.0,0.4840125892016114
MAC000311,2013-06-25 14:00:00,0.0,2.170846183602651
MAC000311,2013-06-25 15:00:00,0.0,1.9520418490575153
MAC000311,2013-06-25 16:00:00,0.0,1.7161006839930217
MAC000311,2013-06-25 17:00:00,0.0,0.44605752736918125
MAC000311,2013-06-25 18:00:00,0.0,0.0
MAC000311,2013-06-25 19:00:00,0.0,0.0
MAC000311,2013-06-25 20:00:00,0.0,0.0
MAC000311,2013-06-25 21:00:00,0.0,0.0
MAC000311,2013-06-25 22:00:00,0.0,0.0
MAC000311,2013-06-25 23:00:00,0.0,0.0
MAC000311,2013-06-26 00:00:00,0.0,0.0
MAC000311,2013-06-26 01:00:00,0.0,0.0
MAC000311,2013-06-26 02:00:00,0.0,0.0
MAC000311,2013-06-26 03:00:00,0.0,0.0
MAC000311,2013-06-26 04:00:00,0.0,0.0
MAC000311,2013-06-26 05:00:00,0.0,0.0
MAC000311,2013-06-26 06:00:00,0.0,0.0
MAC000311,2013-06-26 07:00:00,0.0,0.0
MAC000311,2013-06-26 08:00:00,0.0,0.0
MAC000311,2013-06-26 09:00:00,0.0,0.0
MAC000311,2013-06-26 10:00:00,0.0,0.0
MAC000311,2013-06-26 11:00:00,0.0,0.0
MAC000311,2013-06-26 12:00:00,0.0,0.1434258607845318
MAC000311,2013-06-26 13:00:00,0.0,1.3951497707789737
MAC000311,2013-06-26 14:00:00,0.0,0.8173516600182851
MAC000311,2013-06-26 15:00:00,0.0,1.9745717633183797
MAC000311,2013-06-26 16:00:00,0.0,1.2602649008197784
MAC000311,2013-06-26 17:00:00,0.0,0.17077271076329537
MAC000311,2013-06-26 18:00:00,0.0,0.0
MAC000311,2013-06-26 19:00:00,0.0,0.0
MAC000311,2013-06-26 20:00:00,0.0,0.0
MAC000311,2013-06-26 21:00:00,0.0,0.0
MAC000311,2013-06-26 22:00:00,0.0,0.0
MAC000311,2013-06-26 23:00:00,0.0,0.0
MAC000311,2013-06-27 00:00:00,0.0,0.0
MAC000311,2013-06-27 01:00:00,0.0,0.0
MAC000311,2013-06-27 02:00:00,0.0,0.0
MAC000311,2013-06-27 03:00:00,0.0,0.0
MAC000311,2013-06-27 04:00:00,0.0,0.0
MAC000311,2013-06-27 05:00:00,0.0,0.0
MAC000311,2013-06-27 06:00:00,0.0,0.0
MAC000311,2013-06-27 07:00:00,0.0,0.0
MAC000311,2013-06-27 08:00:00,0.0,0.0
MAC000311,2013-06-27 09:00:00,0.0,0.0
MAC000311,2013-06-27 10:00:00,0.0,0.0
MAC000311,2013-06-27 11:00:00,0.0,0.0
MAC000311,2013-06-27 12:00:00,0.0,2.427222501157989
MAC000311,2013-06-27 13:00:00,0.0,2.163149681217511
MAC000311,2013-06-27 14:00:00,0.0,1.026852564982096
MAC000311,2013-06-27 15:00:00,0.0,0.43034135667737317
MAC000311,2013-06-27 16:00:00,0.0,0.2080153706264496
MAC000311,2013-06-27 17:00:00,0.0,0.0
MAC000311,2013-06-27 18:00:00,0.0,0.0
MAC000311,2013-06-27 19:00:00,0.0,0.0
MAC000311,2013-06-27 20:00:00,0.0,0.0
MAC000311,2013-06-27 21:00:00,0.0,0.0
MAC000311,2013-06-27 22:00:00,0.0,0.0
MAC000311,2013-06-27 23:00:00,0.0,0.0
MAC000311,2013-06-28 00:00:00,0.0,0.0
MAC000311,2013-06-28 01:00:00,0.0,0.0
MAC000311,2013-06-28 02:00:00,0.0,0.0
MAC000311,2013-06-28 03:00:00,0.0,0.0
MAC000311,2013-06-28 04:00:00,0.0,0.0
MAC000311,2013-06-28 05:00:00,0.0,0.0
MAC000311,2013-06-28 06:00:00,0.0,0.0
MAC000311,2013-06-28 07:00:00,0.0,0.0
MAC000311,2013-06-28 08:00:00,0.0,0.0
MAC000311,2013-06-28 09:00:00,0.0,0.0
MAC000311,2013-06-28 10:00:00,0.0,0.0
MAC000311,2013-06-28 11:00:00,0.0,0.0
MAC000311,2013-06-28 12:00:00,0.0,0.0
MAC000311,2013-06-28 13:00:00,0.0,0.0
MAC000311,2013-06-28 14:00:00,0.0,0.0
MAC000311,2013-06-28 15:00:00,0.0,0.0
MAC000311,2013-06-28 16:00:00,0.0,0.0
MAC000311,2013-06-28 17:00:00,0.0,0.0
MAC000311,2013-06-28 18:00:00,0.4972892639670267,0.0
MAC000311,2013-06-28 19:00:00,1.0784230053126018,0.0
MAC000311,2013-06-28 20:00:00,1.1589480481567382,0.0
MAC000311,2013-06-28 21:00:00,1.063157081604004,0.0
MAC000311,2013-06-28 22:00:00,0.8972612023353577,0.0
MAC000311,2013-06-28 23:00:00,0.6984907388687134,0.0
MAC000311,2013-06-29 00:00:00,0.5024008750915527,0.0
MAC000311,2013-06-29 01:00:00,0.31867700815200806,0.0
MAC000311,2013-06-29 02:00:00,0.19961315393447876,0.0
MAC000311,2013-06-29 03:00:00,0.15777260065078735,0.0
MAC000311,2013-06-29 04:00:00,0.134688542245547,0.0
MAC000311,2013-06-29 05:00:00,0.08634354951349893,0.0
MAC000311,2013-06-29 06:00:00,0.0,0.0
MAC000311,2013-06-29 07:00:00,0.0,0.0
MAC000311,2013-06-29 08:00:00,0.0,0.0
MAC000311,2013-06-29 09:00:00,0.0,0.0
MAC000311,2013-06-29 10:00:00,0.0,0.0
MAC000311,2013-06-29 11:00:00,0.0,0.0
MAC000311,2013-06-29 12:00:00,0.0,0.0
MAC000311,2013-06-29 13:00:00,0.0,2.090704362161001
MAC000311,2013-06-29 14:00:00,0.0,2.0762220570653285
MAC000311,2013-06-29 15:00:00,0.0,1.5032218197301224
MAC000311,2013-06-29 16:00:00,0.0,0.7806687083676653
MAC000311,2013-06-29 17:00:00,0.0,0.2530651797752379
MAC000311,2013-06-29 18:00:00,0.0,0.0
MAC000311,2013-06-29 19:00:00,0.0,0.0
MAC000311,2013-06-29 20:00:00,0.0,0.0
MAC000311,2013-06-29 21:00:00,0.0,0.0
MAC000311,2013-06-29 22:00:00,0.0,0.0
MAC000311,2013-06-29 23:00:00,0.0,0.0
MAC000311,2013-06-30 00:00:00,0.0,0.0
MAC000311,2013-06-30 01:00:00,0.0,0.0
MAC000311,2013-06-30 02:00:00,0.0,0.0
MAC000311,2013-06-30 03:00:00,0.0,0.0
MAC000311,2013-06-30 04:00:00,0.0,0.0
MAC000311,2013-06-30 05:00:00,0.0,0.0
MAC000311,2013-06-30 06:00:00,0.0,0.0
MAC000311,2013-06-30 07:00:00,0.0,0.0
MAC000311,2013-06-30 08:00:00,0.0,0.0
MAC000311,2013-06-30 09:00:00,0.0,0.0
MAC000311,2013-06-30 10:00:00,0.0,0.0
MAC000311,2013-06-30 11:00:00,0.0,0.7597642224904122
MAC000311,2013-06-30 12:00:00,0.0,2.636301313882192
MAC000311,2013-06-30 13:00:00,0.0,2.6241703322168988
MAC000311,2013-06-30 14:00:00,0.0,2.184982638598124
MAC000311,2013-06-30 15:00:00,0.0,1.8817246714363098
MAC000311,2013-06-30 16:00:00,0.0,1.228982117547353
MAC000311,2013-06-30 17:00:00,0.0,0.603897910697937
MAC000311,2013-06-30 18:00:00,0.0,0.0
MAC000311,2013-06-30 19:00:00,0.0,0.0
MAC000311,2013-06-30 20:00:00,0.0,0.0
MAC000311,2013-06-30 21:00:00,0.0,0.0
MAC000311,2013-06-30 22:00:00,0.0,0.0
MAC000311,2013-06-30 23:00:00,0.0,0.0
MAC000311,2013-07-01 00:00:00,0.0,0.0
MAC000311,2013-07-01 01:00:00,0.0,0.0
MAC000311,2013-07-01 02:00:00,0.0,0.0
MAC000311,2013-07-01 03:00:00,0.0,0.0
MAC000311,2013-07-01 04:00:00,0.0,0.0
MAC000311,2013-07-01 05:00:00,0.0,0.0
MAC000311,2013-07-01 06:00:00,0.0,0.0
MAC000311,2013-07-01 07:00:00,0.0,0.0
MAC000311,2013-07-01 08:00:00,0.0,0.0
MAC000311,2013-07-01 09:00:00,0.0,0.0
MAC000311,2013-07-01 10:00:00,0.0,0.0
MAC000311,2013-07-01 11:00:00,0.0,0.0
MAC000311,2013-07-01 12:00:00,0.0,0.0
MAC000311,2013-07-01 13:00:00,0.0,1.1056610556254731
MAC000311,2013-07-01 14:00:00,0.0,2.143494637996038
MAC000311,2013-07-01 15:00:00,0.0,1.552070979391098
MAC000311,2013-07-01 16:00:00,0.0,1.5835314733505248
MAC000311,2013-07-01 17:00:00,0.0,0.5378306088574727
MAC000311,2013-07-01 18:00:00,0.0,0.0
MAC000311,2013-07-01 19:00:00,0.0,0.0
MAC000311,2013-07-01 20:00:00,0.0,0.0
MAC000311,2013-07-01 21:00:00,0.0,0.0
MAC000311,2013-07-01 22:00:00,0.0,0.0
MAC000311,2013-07-01 23:00:00,0.0,0.0
MAC000311,2013-07-02 00:00:00,0.0,0.0
MAC000311,2013-07-02 01:00:00,0.0,0.0
MAC000311,2013-07-02 02:00:00,0.0,0.0
MAC000311,2013-07-02 03:00:00,0.0,0.0
MAC000311,2013-07-02 04:00:00,0.0,0.0
MAC000311,2013-07-02 05:00:00,0.0,0.0
MAC000311,2013-07-02 06:00:00,0.0,0.0
MAC000311,2013-07-02 07:00:00,0.0,0.0
MAC000311,2013-07-02 08:00:00,0.0,0.0
MAC000311,2013-07-02 09:00:00,0.0,0.0
MAC000311,2013-07-02 10:00:00,0.0,0.0
MAC000311,2013-07-02 11:00:00,0.0,0.0
MAC000311,2013-07-02 12:00:00,0.0,0.0
MAC000311,2013-07-02 13:00:00,0.0,0.0
MAC000311,2013-07-02 14:00:00,0.0,0.0
MAC000311,2013-07-02 15:00:00,0.0,0.0
MAC000311,2013-07-02 16:00:00,0.0,0.0
MAC000311,2013-07-02 17:00:00,0.0,0.0
MAC000311,2013-07-02 18:00:00,0.0,0.0
MAC000311,2013-07-02 19:00:00,0.0,0.0
MAC000311,2013-07-02 20:00:00,0.0,0.0
MAC000311,2013-07-02 21:00:00,0.15647761692974205,0.0
MAC000311,2013-07-02 22:00:00,0.7610008120536804,0.0
MAC000311,2013-07-02 23:00:00,0.5760380625724792,0.0
MAC000311,2013-07-03 00:00:00,0.39334556460380554,0.0
MAC000311,2013-07-03 01:00:00,0.23858878016471863,0.0
MAC000311,2013-07-03 02:00:00,0.18567605316638947,0.0
MAC000311,2013-07-03 03:00:00,0.2729502320289612,0.0
MAC000311,2013-07-03 04:00:00,0.473963718624115,0.0
MAC000311,2013-07-03 05:00:00,0.5643189075508117,0.0
MAC000311,2013-07-03 06:00:00,0.7860418073094686,0.0
MAC000311,2013-07-03 07:00:00,0.5813254659423829,0.0
MAC000311,2013-07-03 08:00:00,0.3868516696370443,0.0
MAC000311,2013-07-03 09:00:00,0.30348824250666295,0.0
MAC000311,2013-07-03 10:00:00,0.0,0.0
MAC000311,2013-07-03 11:00:00,0.0,0.0
MAC000311,2013-07-03 12:00:00,0.0,0.0
MAC000311,2013-07-03 13:00:00,0.0,0.0
MAC000311,2013-07-03 14:00:00,0.0,0.0
MAC000311,2013-07-03 15:00:00,0.0,0.0
MAC000311,2013-07-03 16:00:00,0.0,0.0
MAC000311,2013-07-03 17:00:00,0.0,0.0
MAC000311,2013-07-03 18:00:00,0.0,0.0
MAC000311,2013-07-03 19:00:00,0.0,0.0
MAC000311,2013-07-03 20:00:00,0.0,0.0
MAC000311,2013-07-03 21:00:00,0.0,0.0
MAC000311,2013-07-03 22:00:00,0.0,0.0
MAC000311,2013-07-03 23:00:00,0.0,0.0
MAC000311,2013-07-04 00:00:00,0.0,0.0
MAC000311,2013-07-04 01:00:00,0.0,0.0
MAC000311,2013-07-04 02:00:00,0.0,0.0
MAC000311,2013-07-04 03:00:00,0.0,0.0
MAC000311,2013-07-04 04:00:00,0.411848091430552,0.0
MAC000311,2013-07-04 05:00:00,0.7363623786506652,0.0
MAC000311,2013-07-04 06:00:00,0.6052747016983032,0.0
MAC000311,2013-07-04 07:00:00,0.27610763267008454,0.0
MAC000311,2013-07-04 08:00:00,0.23757577728525792,0.0
MAC000311,2013-07-04 09:00:00,0.0,0.0
MAC000311,2013-07-04 10:00:00,0.0,0.0
MAC000311,2013-07-04 11:00:00,0.0,0.0
MAC000311,2013-07-04 12:00:00,0.0,0.0
MAC000311,2013-07-04 13:00:00,0.0,0.0
MAC000311,2013-07-04 14:00:00,0.0,0.0
MAC000311,2013-07-04 15:00:00,0.0,1.1263465332546236
MAC000311,2013-07-04 16:00:00,0.0,1.0547285701878863
MAC000311,2013-07-04 17:00:00,0.0,0.29794836843236283
MAC000311,2013-07-04 18:00:00,0.0,0.08802051135381062
MAC000311,2013-07-04 19:00:00,0.0,0.0
MAC000311,2013-07-04 20:00:00,0.0,0.0
MAC000311,2013-07-04 21:00:00,0.0,0.0
MAC000311,2013-07-04 22:00:00,0.0,0.0
MAC000311,2013-07-04 23:00:00,0.0,0.0
MAC000311,2013-07-05 00:00:00,0.0,0.0
MAC000311,2013-07-05 01:00:00,0.0,0.0
MAC000311,2013-07-05 02:00:00,0.0,0.0
MAC000311,2013-07-05 03:00:00,0.0,0.0
MAC000311,2013-07-05 04:00:00,0.0,0.0
MAC000311,2013-07-05 05:00:00,0.0,0.0
MAC000311,2013-07-05 06:00:00,0.0,0.0
MAC000311,2013-07-05 07:00:00,0.0,0.0
MAC000311,2013-07-05 08:00:00,0.0,0.0
MAC000311,2013-07-05 09:00:00,0.0,0.0
MAC000311,2013-07-05 10:00:00,0.0,1.1792284629333718
MAC000311,2013-07-05 11:00:00,0.0,2.867082216420491
MAC000311,2013-07-05 12:00:00,0.0,2.788999313867569
MAC000311,2013-07-05 13:00:00,0.0,1.9010959036553698
MAC000311,2013-07-05 14:00:00,0.0,2.3378738949095403
MAC000311,2013-07-05 15:00:00,0.0,1.8386188650760653
MAC000311,2013-07-05 16:00:00,0.0,1.2209333727963765
MAC000311,2013-07-05 17:00:00,0.0,0.4416547558517454
MAC000311,2013-07-05 18:00:00,0.0,0.0
MAC000311,2013-07-05 19:00:00,0.0,0.0
MAC000311,2013-07-05 20:00:00,0.0,0.0
MAC000311,2013-07-05 21:00:00,0.0,0.0
MAC000311,2013-07-05 22:00:00,0.0,0.0
MAC000311,2013-07-05 23:00:00,0.0,0.0
MAC000311,2013-07-06 00:00:00,0.0,0.0
MAC000311,2013-07-06 01:00:00,0.0,0.0
MAC000311,2013-07-06 02:00:00,0.0,0.0
MAC000311,2013-07-06 03:00:00,0.0,0.0
MAC000311,2013-07-06 04:00:00,0.0,0.0
MAC000311,2013-07-06 05:00:00,0.0,0.0
MAC000311,2013-07-06 06:00:00,0.0,0.0
MAC000311,2013-07-06 07:00:00,0.0,0.0
MAC000311,2013-07-06 08:00:00,0.0,0.0
MAC000311,2013-07-06 09:00:00,0.0,0.0
MAC000311,2013-07-06 10:00:00,0.0,0.0
MAC000311,2013-07-06 11:00:00,0.0,2.2585156125959394
MAC000311,2013-07-06 12:00:00,0.0,2.5515922843182883
MAC000311,2013-07-06 13:00:00,0.0,2.4075885053876243
MAC000311,2013-07-06 14:00:00,0.0,2.176959780330658
MAC000311,2013-07-06 15:00:00,0.0,1.7669762185478213
MAC000311,2013-07-06 16:00:00,0.0,1.1939550014864602
MAC000311,2013-07-06 17:00:00,0.0,0.5207634527562459
MAC000311,2013-07-06 18:00:00,0.0,0.0
MAC000311,2013-07-06 19:00:00,0.0,0.0
MAC000311,2013-07-06 20:00:00,0.0,0.0
MAC000311,2013-07-06 21:00:00,0.0,0.0
MAC000311,2013-07-06 22:00:00,0.0,0.0
MAC000311,2013-07-06 23:00:00,0.0,0.0
MAC000311,2013-07-07 00:00:00,0.0,0.0
MAC000311,2013-07-07 01:00:00,0.0,0.0
MAC000311,2013-07-07 02:00:00,0.0,0.0
MAC000311,2013-07-07 03:00:00,0.0,0.0
MAC000311,2013-07-07 04:00:00,0.0,0.0
MAC000311,2013-07-07 05:00:00,0.0,0.0
MAC000311,2013-07-07 06:00:00,0.0,0.0
MAC000311,2013-07-07 07:00:00,0.0,0.0
MAC000311,2013-07-07 08:00:00,0.0,0.0
MAC000311,2013-07-07 09:00:00,0.0,0.0
MAC000311,2013-07-07 10:00:00,0.0,0.9300119894550558
MAC000311,2013-07-07 11:00:00,0.0,2.3291892671890255
MAC000311,2013-07-07 12:00:00,0.0,2.507094041960398
MAC000311,2013-07-07 13:00:00,0.0,2.5291573415794377
MAC000311,2013-07-07 14:00:00,0.0,2.3279564455426534
MAC000311,2013-07-07 15:00:00,0.0,1.9107973085314431
MAC000311,2013-07-07 16:00:00,0.0,1.3321075470021566
MAC000311,2013-07-07 17:00:00,0.0,0.6140888062807717
MAC000311,2013-07-07 18:00:00,0.0,0.0
MAC000311,2013-07-07 19:00:00,0.0,0.0
MAC000311,2013-07-07 20:00:00,0.0,0.0
MAC000311,2013-07-07 21:00:00,0.0,0.0
MAC000311,2013-07-07 22:00:00,0.0,0.0
MAC000311,2013-07-07 23:00:00,0.0,0.0
MAC000311,2013-07-08 00:00:00,0.0,0.0
MAC000311,2013-07-08 01:00:00,0.0,0.0
MAC000311,2013-07-08 02:00:00,0.0,0.0
MAC000311,2013-07-08 03:00:00,0.0,0.0
MAC000311,2013-07-08 04:00:00,0.0,0.0
MAC000311,2013-07-08 05:00:00,0.0,0.0
MAC000311,2013-07-08 06:00:00,0.0,0.0
MAC000311,2013-07-08 07:00:00,0.0,0.0
MAC000311,2013-07-08 08:00:00,0.0,0.0
MAC000311,2013-07-08 09:00:00,0.0,0.0
MAC000311,2013-07-08 10:00:00,0.0,0.0
MAC000311,2013-07-08 11:00:00,0.0,2.8239992645750664
MAC000311,2013-07-08 12:00:00,0.0,3.065682616502444
MAC000311,2013-07-08 13:00:00,0.0,2.9459133037465413
MAC000311,2013-07-08 14:00:00,0.0,2.6372792428607936
MAC000311,2013-07-08 15:00:00,0.0,2.1335890873680117
MAC000311,2013-07-08 16:00:00,0.0,1.390859084925334
MAC000311,2013-07-08 17:00:00,0.0,0.6161516543197632
MAC000311,2013-07-08 18:00:00,0.0,0.0073521187845865255
MAC000311,2013-07-08 19:00:00,0.0,0.0
MAC000311,2013-07-08 20:00:00,0.0,0.0
MAC000311,2013-07-08 21:00:00,0.0,0.0
MAC000311,2013-07-08 22:00:00,0.0,0.0
MAC000311,2013-07-08 23:00:00,0.0,0.0
MAC000311,2013-07-09 00:00:00,0.0,0.0
MAC000311,2013-07-09 01:00:00,0.0,0.0
MAC000311,2013-07-09 02:00:00,0.0,0.0
MAC000311,2013-07-09 03:00:00,0.0,0.0
MAC000311,2013-07-09 04:00:00,0.0,0.0
MAC000311,2013-07-09 05:00:00,0.0,0.0
MAC000311,2013-07-09 06:00:00,0.0,0.0
MAC000311,2013-07-09 07:00:00,0.0,0.0
MAC000311,2013-07-09 08:00:00,0.0,0.0
MAC000311,2013-07-09 09:00:00,0.0,0.0
MAC000311,2013-07-09 10:00:00,0.0,0.27950096410357217
MAC000311,2013-07-09 11:00:00,0.0,3.0503121197745005
MAC000311,2013-07-09 12:00:00,0.0,3.186649835906029
MAC000311,2013-07-09 13:00:00,0.0,3.048944944102287
MAC000311,2013-07-09 14:00:00,0.0,2.724746479422887
MAC000311,2013-07-09 15:00:00,0.0,2.2053404973901114
MAC000311,2013-07-09 16:00:00,0.0,1.5823904170138041
MAC000311,2013-07-09 17:00:00,0.0,0.8551124100284577
MAC000311,2013-07-09 18:00:00,0.0,0.12582364875284835
MAC000311,2013-07-09 19:00:00,0.0,0.0
MAC000311,2013-07-09 20:00:00,0.0,0.0
MAC000311,2013-07-09 21:00:00,0.0,0.0
MAC000311,2013-07-09 22:00:00,0.0,0.0
MAC000311,2013-07-09 23:00:00,0.0,0.0
MAC000311,2013-07-10 00:00:00,0.0,0.0
MAC000311,2013-07-10 01:00:00,0.0,0.0
MAC000311,2013-07-10 02:00:00,0.0,0.0
MAC000311,2013-07-10 03:00:00,0.0,0.0
MAC000311,2013-07-10 04:00:00,0.0,0.0
MAC000311,2013-07-10 05:00:00,0.0,0.0
MAC000311,2013-07-10 06:00:00,0.0,0.0
MAC000311,2013-07-10 07:00:00,0.0,0.0
MAC000311,2013-07-10 08:00:00,0.0,0.0
MAC000311,2013-07-10 09:00:00,0.0,0.0
MAC000311,2013-07-10 10:00:00,0.0,0.0
MAC000311,2013-07-10 11:00:00,0.0,1.946565480003796
MAC000311,2013-07-10 12:00:00,0.0,2.153436802447319
MAC000311,2013-07-10 13:00:00,0.0,2.784381752743483
MAC000311,2013-07-10 14:00:00,0.0,1.9058890646711988
MAC000311,2013-07-10 15:00:00,0.0,2.0859482983067825
MAC000311,2013-07-10 16:00:00,0.0,1.6073071192995705
MAC000311,2013-07-10 17:00:00,0.0,0.8891990396169029
MAC000311,2013-07-10 18:00:00,0.0,0.17234278976186101
MAC000311,2013-07-10 19:00:00,0.0,0.0
MAC000311,2013-07-10 20:00:00,0.0,0.0
MAC000311,2013-07-10 21:00:00,0.0,0.0
MAC000311,2013-07-10 22:00:00,0.0,0.0
MAC000311,2013-07-10 23:00:00,0.0,0.0
MAC000311,2013-07-11 00:00:00,0.0,0.0
MAC000311,2013-07-11 01:00:00,0.0,0.0
MAC000311,2013-07-11 02:00:00,0.0,0.0
MAC000311,2013-07-11 03:00:00,0.0,0.0
MAC000311,2013-07-11 04:00:00,0.0,0.0
MAC000311,2013-07-11 05:00:00,0.0,0.0
MAC000311,2013-07-11 06:00:00,0.0,0.0
MAC000311,2013-07-11 07:00:00,0.0,0.0
MAC000311,2013-07-11 08:00:00,0.0,0.0
MAC000311,2013-07-11 09:00:00,0.0,0.0
MAC000311,2013-07-11 10:00:00,0.0,0.0
MAC000311,2013-07-11 11:00:00,0.0,1.7903133023143436
MAC000311,2013-07-11 12:00:00,0.0,3.210064919090271
MAC000311,2013-07-11 13:00:00,0.0,3.049748424938202
MAC000311,2013-07-11 14:00:00,0.0,2.688318031054815
MAC000311,2013-07-11 15:00:00,0.0,2.170577849355698
MAC000311,2013-07-11 16:00:00,0.0,1.4619472605889638
MAC000311,2013-07-11 17:00:00,0.0,0.7787373862291973
MAC000311,2013-07-11 18:00:00,0.0,0.13214730691909793
MAC000311,2013-07-11 19:00:00,0.0,0.0
MAC000311,2013-07-11 20:00:00,0.0,0.0
MAC000311,2013-07-11 21:00:00,0.0,0.0
MAC000311,2013-07-11 22:00:00,0.0,0.0
MAC000311,2013-07-11 23:00:00,0.0,0.0
MAC000311,2013-07-12 00:00:00,0.0,0.0
MAC000311,2013-07-12 01:00:00,0.0,0.0
MAC000311,2013-07-12 02:00:00,0.0,0.0
MAC000311,2013-07-12 03:00:00,0.0,0.0
MAC000311,2013-07-12 04:00:00,0.0,0.0
MAC000311,2013-07-12 05:00:00,0.0,0.0
MAC000311,2013-07-12 06:00:00,0.0,0.0
MAC000311,2013-07-12 07:00:00,0.0,0.0
MAC000311,2013-07-12 08:00:00,0.0,0.0
MAC000311,2013-07-12 09:00:00,0.0,0.0
MAC000311,2013-07-12 10:00:00,0.0,0.0
MAC000311,2013-07-12 11:00:00,0.0,0.0
MAC000311,2013-07-12 12:00:00,0.0,0.3670074383146118
MAC000311,2013-07-12 13:00:00,0.0,2.5694191066919965
MAC000311,2013-07-12 14:00:00,0.0,2.19716877620252
MAC000311,2013-07-12 15:00:00,0.0,1.7278597463073728
MAC000311,2013-07-12 16:00:00,0.0,1.0806839702784221
MAC000311,2013-07-12 17:00:00,0.0,0.23697936715443935
MAC000311,2013-07-12 18:00:00,0.0,0.0
MAC000311,2013-07-12 19:00:00,0.0,0.0
MAC000311,2013-07-12 20:00:00,0.0,0.0
MAC000311,2013-07-12 21:00:00,0.0,0.0
MAC000311,2013-07-12 22:00:00,0.0,0.0
MAC000311,2013-07-12 23:00:00,0.0,0.0
MAC000311,2013-07-13 00:00:00,0.0,0.0
MAC000311,2013-07-13 01:00:00,0.0,0.0
MAC000311,2013-07-13 02:00:00,0.0,0.0
MAC000311,2013-07-13 03:00:00,0.0,0.0
MAC000311,2013-07-13 04:00:00,0.0,0.0
MAC000311,2013-07-13 05:00:00,0.0,0.0
MAC000311,2013-07-13 06:00:00,0.0,0.0
MAC000311,2013-07-13 07:00:00,0.0,0.0
MAC000311,2013-07-13 08:00:00,0.0,0.0
MAC000311,2013-07-13 09:00:00,0.0,0.0
MAC000311,2013-07-13 10:00:00,0.0,0.0
MAC000311,2013-07-13 11:00:00,0.0,1.698617035626877
MAC000311,2013-07-13 12:00:00,0.0,1.820037101764679
MAC000311,2013-07-13 13:00:00,0.0,2.2311395780309042
MAC000311,2013-07-13 14:00:00,0.0,1.959081541858673
MAC000311,2013-07-13 15:00:00,0.0,1.5529457265319824
MAC000311,2013-07-13 16:00:00,0.0,0.7917135821278891
MAC000311,2013-07-13 17:00:00,0.0,0.19449443423970536
MAC000311,2013-07-13 18:00:00,0.0,0.0
MAC000311,2013-07-13 19:00:00,0.0,0.0
MAC000311,2013-07-13 20:00:00,0.0,0.0
MAC000311,2013-07-13 21:00:00,0.0,0.0
MAC000311,2013-07-13 22:00:00,0.0,0.0
MAC000311,2013-07-13 23:00:00,0.0,0.0
MAC000311,2013-07-14 00:00:00,0.0,0.0
MAC000311,2013-07-14 01:00:00,0.0,0.0
MAC000311,2013-07-14 02:00:00,0.0,0.0
MAC000311,2013-07-14 03:00:00,0.0,0.0
MAC000311,2013-07-14 04:00:00,0.0,0.0
MAC000311,2013-07-14 05:00:00,0.0,0.0
MAC000311,2013-07-14 06:00:00,0.0,0.0
MAC000311,2013-07-14 07:00:00,0.0,0.0
MAC000311,2013-07-14 08:00:00,0.0,0.0
MAC000311,2013-07-14 09:00:00,0.0,0.0
MAC000311,2013-07-14 10:00:00,0.0,0.0
MAC000311,2013-07-14 11:00:00,0.0,1.5026827868726798
MAC000311,2013-07-14 12:00:00,0.0,2.20455911536026
MAC000311,2013-07-14 13:00:00,0.0,2.1503536415341697
MAC000311,2013-07-14 14:00:00,0.0,2.082448419213613
MAC000311,2013-07-14 15:00:00,0.0,1.4412805193545024
MAC000311,2013-07-14 16:00:00,0.0,1.1265289367828368
MAC000311,2013-07-14 17:00:00,0.0,0.1987912248891195
MAC000311,2013-07-14 18:00:00,0.0,0.0
MAC000311,2013-07-14 19:00:00,0.0,0.0
MAC000311,2013-07-14 20:00:00,0.0,0.0
MAC000311,2013-07-14 21:00:00,0.0,0.0
MAC000311,2013-07-14 22:00:00,0.0,0.0
MAC000311,2013-07-14 23:00:00,0.0,0.0
MAC000311,2013-07-15 00:00:00,0.0,0.0
MAC000311,2013-07-15 01:00:00,0.0,0.0
MAC000311,2013-07-15 02:00:00,0.0,0.0
MAC000311,2013-07-15 03:00:00,0.0,0.0
MAC000311,2013-07-15 04:00:00,0.0,0.0
MAC000311,2013-07-15 05:00:00,0.0,0.0
MAC000311,2013-07-15 06:00:00,0.0,0.0
MAC000311,2013-07-15 07:00:00,0.0,0.0
MAC000311,2013-07-15 08:00:00,0.0,0.0
MAC000311,2013-07-15 09:00:00,0.0,0.0
MAC000311,2013-07-15 10:00:00,0.0,0.0
MAC000311,2013-07-15 11:00:00,0.0,2.821022733444573
MAC000311,2013-07-15 12:00:00,0.0,3.3397686504638986
MAC000311,2013-07-15 13:00:00,0.0,3.2669513981906566
MAC000311,2013-07-15 14:00:00,0.0,2.743452313919544
MAC000311,2013-07-15 15:00:00,0.0,2.342221344439188
MAC000311,2013-07-15 16:00:00,0.0,1.5443731727581023
MAC000311,2013-07-15 17:00:00,0.0,0.6419539199352262
MAC000311,2013-07-15 18:00:00,0.0,0.0
MAC000311,2013-07-15 19:00:00,0.0,0.0
MAC000311,2013-07-15 20:00:00,0.0,0.0
MAC000311,2013-07-15 21:00:00,0.0,0.0
MAC000311,2013-07-15 22:00:00,0.0,0.0
MAC000311,2013-07-15 23:00:00,0.0,0.0
MAC000311,2013-07-16 00:00:00,0.0,0.0
MAC000311,2013-07-16 01:00:00,0.0,0.0
MAC000311,2013-07-16 02:00:00,0.0,0.0
MAC000311,2013-07-16 03:00:00,0.0,0.0
MAC000311,2013-07-16 04:00:00,0.0,0.0
MAC000311,2013-07-16 05:00:00,0.0,0.0
MAC000311,2013-07-16 06:00:00,0.0,0.0
MAC000311,2013-07-16 07:00:00,0.0,0.0
MAC000311,2013-07-16 08:00:00,0.0,0.0
MAC000311,2013-07-16 09:00:00,0.0,0.0
MAC000311,2013-07-16 10:00:00,0.0,0.0
MAC000311,2013-07-16 11:00:00,0.0,0.8308267730237326
MAC000311,2013-07-16 12:00:00,0.0,3.020870822645505
MAC000311,2013-07-16 13:00:00,0.0,2.9149184595031743
MAC000311,2013-07-16 14:00:00,0.0,2.475706633610249
MAC000311,2013-07-16 15:00:00,0.0,1.7235630890611011
MAC000311,2013-07-16 16:00:00,0.0,1.1039599642861684
MAC000311,2013-07-16 17:00:00,0.0,0.5932285615876516
MAC000311,2013-07-16 18:00:00,0.0,0.07164673093922935
MAC000311,2013-07-16 19:00:00,0.0,0.0
MAC000311,2013-07-16 20:00:00,0.0,0.0
MAC000311,2013-07-16 21:00:00,0.0,0.0
MAC000311,2013-07-16 22:00:00,0.0,0.0
MAC000311,2013-07-16 23:00:00,0.0,0.0
MAC000311,2013-07-17 00:00:00,0.0,0.0
MAC000311,2013-07-17 01:00:00,0.0,0.0
MAC000311,2013-07-17 02:00:00,0.0,0.0
MAC000311,2013-07-17 03:00:00,0.0,0.0
MAC000311,2013-07-17 04:00:00,0.0,0.0
MAC000311,2013-07-17 05:00:00,0.0,0.0
MAC000311,2013-07-17 06:00:00,0.0,0.0
MAC000311,2013-07-17 07:00:00,0.0,0.0
MAC000311,2013-07-17 08:00:00,0.0,0.0
MAC000311,2013-07-17 09:00:00,0.0,0.0
MAC000311,2013-07-17 10:00:00,0.0,0.0
MAC000311,2013-07-17 11:00:00,0.0,0.8657487907306858
MAC000311,2013-07-17 12:00:00,0.0,3.1811760000000002
MAC000311,2013-07-17 13:00:00,0.0,1.8820133333333333
MAC000311,2013-07-17 14:00:00,0.0,1.6664955234446523
MAC000311,2013-07-17 15:00:00,0.0,0.8847746666574476
MAC000311,2013-07-17 16:00:00,0.0,0.30268577810223896
MAC000311,2013-07-17 17:00:00,0.0,0.07882559258969624
MAC000311,2013-07-17 18:00:00,0.0,0.0
MAC000311,2013-07-17 19:00:00,0.0,0.0
MAC000311,2013-07-17 20:00:00,0.0,0.0
MAC000311,2013-07-17 21:00:00,0.0,0.0
MAC000311,2013-07-17 22:00:00,0.0,0.0
MAC000311,2013-07-17 23:00:00,0.0,0.0
MAC000311,2013-07-18 00:00:00,0.0,0.0
MAC000311,2013-07-18 01:00:00,0.0,0.0
MAC000311,2013-07-18 02:00:00,0.0,0.0
MAC000311,2013-07-18 03:00:00,0.0,0.0
MAC000311,2013-07-18 04:00:00,0.0,0.0
MAC000311,2013-07-18 05:00:00,0.0,0.0
MAC000311,2013-07-18 06:00:00,0.0,0.0
MAC000311,2013-07-18 07:00:00,0.0,0.0
MAC000311,2013-07-18 08:00:00,0.0,0.0
MAC000311,2013-07-18 09:00:00,0.0,0.0
MAC000311,2013-07-18 10:00:00,0.0,0.0
MAC000311,2013-07-18 11:00:00,0.0,1.5121391823131647
MAC000311,2013-07-18 12:00:00,0.0,3.1102746666666663
MAC000311,2013-07-18 13:00:00,0.0,2.9340640000000002
MAC000311,2013-07-18 14:00:00,0.0,2.652428112716992
MAC000311,2013-07-18 15:00:00,0.0,2.2239979892698925
MAC000311,2013-07-18 16:00:00,0.0,1.5819902622617086
MAC000311,2013-07-18 17:00:00,0.0,0.8600255874487557
MAC000311,2013-07-18 18:00:00,0.0,0.14159076715087882
MAC000311,2013-07-18 19:00:00,0.0,0.0
MAC000311,2013-07-18 20:00:00,0.0,0.0
MAC000311,2013-07-18 21:00:00,0.0,0.0
MAC000311,2013-07-18 22:00:00,0.0,0.0
MAC000311,2013-07-18 23:00:00,0.0,0.0
MAC000311,2013-07-19 00:00:00,0.0,0.0
MAC000311,2013-07-19 01:00:00,0.0,0.0
MAC000311,2013-07-19 02:00:00,0.0,0.0
MAC000311,2013-07-19 03:00:00,0.0,0.0
MAC000311,2013-07-19 04:00:00,0.0,0.0
MAC000311,2013-07-19 05:00:00,0.0,0.0
MAC000311,2013-07-19 06:00:00,0.0,0.0
MAC000311,2013-07-19 07:00:00,0.0,0.0
MAC000311,2013-07-19 08:00:00,0.0,0.0
MAC000311,2013-07-19 09:00:00,0.0,0.0
MAC000311,2013-07-19 10:00:00,0.0,1.964530207883086
MAC000311,2013-07-19 11:00:00,0.0,2.8710403233356474
MAC000311,2013-07-19 12:00:00,0.0,3.009660819210053
MAC000311,2013-07-19 13:00:00,0.0,2.936877113651275
MAC000311,2013-07-19 14:00:00,0.0,2.6201944299958546
MAC000311,2013-07-19 15:00:00,0.0,2.114773350387573
MAC000311,2013-07-19 16:00:00,0.0,1.1419048617375693
MAC000311,2013-07-19 17:00:00,0.0,0.5174883926455178
MAC000311,2013-07-19 18:00:00,0.0,0.045771789030710885
MAC000311,2013-07-19 19:00:00,0.0,0.0
MAC000311,2013-07-19 20:00:00,0.0,0.0
MAC000311,2013-07-19 21:00:00,0.0,0.0
MAC000311,2013-07-19 22:00:00,0.0,0.0
MAC000311,2013-07-19 23:00:00,0.0,0.0
MAC000311,2013-07-20 00:00:00,0.0,0.0
MAC000311,2013-07-20 01:00:00,0.0,0.0
MAC000311,2013-07-20 02:00:00,0.0,0.0
MAC000311,2013-07-20 03:00:00,0.0,0.0
MAC000311,2013-07-20 04:00:00,0.0,0.0
MAC000311,2013-07-20 05:00:00,0.0,0.0
MAC000311,2013-07-20 06:00:00,0.0,0.0
MAC000311,2013-07-20 07:00:00,0.0,0.0
MAC000311,2013-07-20 08:00:00,0.0,0.0
MAC000311,2013-07-20 09:00:00,0.0,0.0
MAC000311,2013-07-20 10:00:00,0.0,0.0
MAC000311,2013-07-20 11:00:00,0.0,0.0
MAC000311,2013-07-20 12:00:00,0.0,0.0
MAC000311,2013-07-20 13:00:00,0.0,0.61842294897791
MAC000311,2013-07-20 14:00:00,0.0,1.6202648471120198
MAC000311,2013-07-20 15:00:00,0.0,1.3627634359639484
MAC000311,2013-07-20 16:00:00,0.0,0.579639954354604
MAC000311,2013-07-20 17:00:00,0.0,0.20630986804835005
MAC000311,2013-07-20 18:00:00,0.0,0.0
MAC000311,2013-07-20 19:00:00,0.0,0.0
MAC000311,2013-07-20 20:00:00,0.0,0.0
MAC000311,2013-07-20 21:00:00,0.0,0.0
MAC000311,2013-07-20 22:00:00,0.0,0.0
MAC000311,2013-07-20 23:00:00,0.0,0.0
MAC000311,2013-07-21 00:00:00,0.0,0.0
MAC000311,2013-07-21 01:00:00,0.0,0.0
MAC000311,2013-07-21 02:00:00,0.0,0.0
MAC000311,2013-07-21 03:00:00,0.0,0.0
MAC000311,2013-07-21 04:00:00,0.0,0.0
MAC000311,2013-07-21 05:00:00,0.0,0.0
MAC000311,2013-07-21 06:00:00,0.0,0.0
MAC000311,2013-07-21 07:00:00,0.0,0.0
MAC000311,2013-07-21 08:00:00,0.0,0.0
MAC000311,2013-07-21 09:00:00,0.0,0.0
MAC000311,2013-07-21 10:00:00,0.0,0.0
MAC000311,2013-07-21 11:00:00,0.0,0.0
MAC000311,2013-07-21 12:00:00,0.0,0.0
MAC000311,2013-07-21 13:00:00,0.0,0.6613612464509044
MAC000311,2013-07-21 14:00:00,0.0,2.302643256727854
MAC000311,2013-07-21 15:00:00,0.0,1.8157037981243134
MAC000311,2013-07-21 16:00:00,0.0,1.2477999639962516
MAC000311,2013-07-21 17:00:00,0.0,0.5696481549313863
MAC000311,2013-07-21 18:00:00,0.0,0.0
MAC000311,2013-07-21 19:00:00,0.0,0.0
MAC000311,2013-07-21 20:00:00,0.0,0.0
MAC000311,2013-07-21 21:00:00,0.0,0.0
MAC000311,2013-07-21 22:00:00,0.0,0.0
MAC000311,2013-07-21 23:00:00,0.0,0.0
MAC000311,2013-07-22 00:00:00,0.0,0.0
MAC000311,2013-07-22 01:00:00,0.0,0.0
MAC000311,2013-07-22 02:00:00,0.0,0.0
MAC000311,2013-07-22 03:00:00,0.0,0.0
MAC000311,2013-07-22 04:00:00,0.0,0.0
MAC000311,2013-07-22 05:00:00,0.0,0.0
MAC000311,2013-07-22 06:00:00,0.0,0.0
MAC000311,2013-07-22 07:00:00,0.0,0.0
MAC000311,2013-07-22 08:00:00,0.0,0.0
MAC000311,2013-07-22 09:00:00,0.0,0.0
MAC000311,2013-07-22 10:00:00,0.0,0.0
MAC000311,2013-07-22 11:00:00,0.0,2.3559773029263438
MAC000311,2013-07-22 12:00:00,0.0,2.8861597518272397
MAC000311,2013-07-22 13:00:00,0.0,2.8095703753021555
MAC000311,2013-07-22 14:00:00,0.0,1.9404005487969718
MAC000311,2013-07-22 15:00:00,0.0,1.7440917080990475
MAC000311,2013-07-22 16:00:00,0.0,1.0925372826042177
MAC000311,2013-07-22 17:00:00,0.0,0.5950048616402943
MAC000311,2013-07-22 18:00:00,0.0,0.0
MAC000311,2013-07-22 19:00:00,0.0,0.0
MAC000311,2013-07-22 20:00:00,0.0,0.0
MAC000311,2013-07-22 21:00:00,0.0,0.0
MAC000311,2013-07-22 22:00:00,0.0,0.0
MAC000311,2013-07-22 23:00:00,0.0,0.0
MAC000311,2013-07-23 00:00:00,0.0,0.0
MAC000311,2013-07-23 01:00:00,0.0,0.0
MAC000311,2013-07-23 02:00:00,0.0,0.0
MAC000311,2013-07-23 03:00:00,0.0,0.0
MAC000311,2013-07-23 04:00:00,0.0,0.0
MAC000311,2013-07-23 05:00:00,0.0,0.0
MAC000311,2013-07-23 06:00:00,0.0,0.0
MAC000311,2013-07-23 07:00:00,0.0,0.0
MAC000311,2013-07-23 08:00:00,0.0,0.0
MAC000311,2013-07-23 09:00:00,0.0,0.0
MAC000311,2013-07-23 10:00:00,0.0,0.0
MAC000311,2013-07-23 11:00:00,0.0,0.0
MAC000311,2013-07-23 12:00:00,0.0,0.0
MAC000311,2013-07-23 13:00:00,0.0,1.5044908536652006
MAC000311,2013-07-23 14:00:00,0.0,1.6667049174919129
MAC000311,2013-07-23 15:00:00,0.0,0.1341389041086833
MAC000311,2013-07-23 16:00:00,0.0,0.14646788138707478
MAC000311,2013-07-23 17:00:00,0.0,0.34076479813003535
MAC000311,2013-07-23 18:00:00,0.0,0.050347411160787
MAC000311,2013-07-23 19:00:00,0.0,0.0
MAC000311,2013-07-23 20:00:00,0.0,0.0
MAC000311,2013-07-23 21:00:00,0.0,0.0
MAC000311,2013-07-23 22:00:00,0.0,0.0
MAC000311,2013-07-23 23:00:00,0.0,0.0
MAC000311,2013-07-24 00:00:00,0.0,0.0
MAC000311,2013-07-24 01:00:00,0.0,0.0
MAC000311,2013-07-24 02:00:00,0.0,0.0
MAC000311,2013-07-24 03:00:00,0.0,0.0
MAC000311,2013-07-24 04:00:00,0.0,0.0
MAC000311,2013-07-24 05:00:00,0.0,0.0
MAC000311,2013-07-24 06:00:00,0.0,0.0
MAC000311,2013-07-24 07:00:00,0.0,0.0
MAC000311,2013-07-24 08:00:00,0.0,0.0
MAC000311,2013-07-24 09:00:00,0.0,0.0
MAC000311,2013-07-24 10:00:00,0.0,0.0
MAC000311,2013-07-24 11:00:00,0.0,0.0
MAC000311,2013-07-24 12:00:00,0.0,2.3470197484172584
MAC000311,2013-07-24 13:00:00,0.0,3.0489869572137196
MAC000311,2013-07-24 14:00:00,0.0,1.7727847266197203
MAC000311,2013-07-24 15:00:00,0.0,1.2608049866727191
MAC000311,2013-07-24 16:00:00,0.0,1.444314714885076
MAC000311,2013-07-24 17:00:00,0.0,0.46239480604426064
MAC000311,2013-07-24 18:00:00,0.0,0.0
MAC000311,2013-07-24 19:00:00,0.0,0.0
MAC000311,2013-07-24 20:00:00,0.0,0.0
MAC000311,2013-07-24 21:00:00,0.0,0.0
MAC000311,2013-07-24 22:00:00,0.0,0.0
MAC000311,2013-07-24 23:00:00,0.0,0.0
MAC000311,2013-07-25 00:00:00,0.0,0.0
MAC000311,2013-07-25 01:00:00,0.0,0.0
MAC000311,2013-07-25 02:00:00,0.0,0.0
MAC000311,2013-07-25 03:00:00,0.0,0.0
MAC000311,2013-07-25 04:00:00,0.0,0.0
MAC000311,2013-07-25 05:00:00,0.0,0.0
MAC000311,2013-07-25 06:00:00,0.0,0.0
MAC000311,2013-07-25 07:00:00,0.0,0.0
MAC000311,2013-07-25 08:00:00,0.0,0.0
MAC000311,2013-07-25 09:00:00,0.0,0.0
MAC000311,2013-07-25 10:00:00,0.0,0.0
MAC000311,2013-07-25 11:00:00,0.0,0.0
MAC000311,2013-07-25 12:00:00,0.0,0.0
MAC000311,2013-07-25 13:00:00,0.0,0.0
MAC000311,2013-07-25 14:00:00,0.0,0.9739718119464928
MAC000311,2013-07-25 15:00:00,0.0,2.031549504420597
MAC000311,2013-07-25 16:00:00,0.0,1.3761762399298352
MAC000311,2013-07-25 17:00:00,0.0,0.5968039871800741
MAC000311,2013-07-25 18:00:00,0.0,0.0
MAC000311,2013-07-25 19:00:00,0.0,0.0
MAC000311,2013-07-25 20:00:00,0.0,0.0
MAC000311,2013-07-25 21:00:00,0.0,0.0
MAC000311,2013-07-25 22:00:00,0.0,0.0
MAC000311,2013-07-25 23:00:00,0.0,0.0
MAC000311,2013-07-26 00:00:00,0.0,0.0
MAC000311,2013-07-26 01:00:00,0.0,0.0
MAC000311,2013-07-26 02:00:00,0.0,0.0
MAC000311,2013-07-26 03:00:00,0.0,0.0
MAC000311,2013-07-26 04:00:00,0.0,0.0
MAC000311,2013-07-26 05:00:00,0.0,0.0
MAC000311,2013-07-26 06:00:00,0.0,0.0
MAC000311,2013-07-26 07:00:00,0.0,0.0
MAC000311,2013-07-26 08:00:00,0.0,0.0
MAC000311,2013-07-26 09:00:00,0.0,0.0
MAC000311,2013-07-26 10:00:00,0.0,0.0
MAC000311,2013-07-26 11:00:00,0.0,0.0
MAC000311,2013-07-26 12:00:00,0.0,2.157288836346134
MAC000311,2013-07-26 13:00:00,0.0,2.189259571156184
MAC000311,2013-07-26 14:00:00,0.0,0.9833910378602349
MAC000311,2013-07-26 15:00:00,0.0,1.0957811380201976
MAC000311,2013-07-26 16:00:00,0.0,0.6032066078681946
MAC000311,2013-07-26 17:00:00,0.0,0.24766047820281978
MAC000311,2013-07-26 18:00:00,0.0,0.0
MAC000311,2013-07-26 19:00:00,0.0,0.0
MAC000311,2013-07-26 20:00:00,0.0,0.0
MAC000311,2013-07-26 21:00:00,0.0,0.0
MAC000311,2013-07-26 22:00:00,0.0,0.0
MAC000311,2013-07-26 23:00:00,0.0,0.0
MAC000311,2013-07-27 00:00:00,0.0,0.0
MAC000311,2013-07-27 01:00:00,0.0,0.0
MAC000311,2013-07-27 02:00:00,0.0,0.0
MAC000311,2013-07-27 03:00:00,0.0,0.0
MAC000311,2013-07-27 04:00:00,0.0,0.0
MAC000311,2013-07-27 05:00:00,0.0,0.0
MAC000311,2013-07-27 06:00:00,0.0,0.0
MAC000311,2013-07-27 07:00:00,0.0,0.0
MAC000311,2013-07-27 08:00:00,0.0,0.0
MAC000311,2013-07-27 09:00:00,0.0,0.0
MAC000311,2013-07-27 10:00:00,0.0,0.0
MAC000311,2013-07-27 11:00:00,0.0,0.19494795851077318
MAC000311,2013-07-27 12:00:00,0.0,1.7493996981964104
MAC000311,2013-07-27 13:00:00,0.0,1.9794539111264546
MAC000311,2013-07-27 14:00:00,0.0,1.3998143139165242
MAC000311,2013-07-27 15:00:00,0.0,0.257506977039337
MAC000311,2013-07-27 16:00:00,0.0,0.0
MAC000311,2013-07-27 17:00:00,0.0,0.0
MAC000311,2013-07-27 18:00:00,0.0,0.0
MAC000311,2013-07-27 19:00:00,0.0,0.0
MAC000311,2013-07-27 20:00:00,0.0,0.0
MAC000311,2013-07-27 21:00:00,0.0,0.0
MAC000311,2013-07-27 22:00:00,0.0,0.0
MAC000311,2013-07-27 23:00:00,0.0,0.0
MAC000311,2013-07-28 00:00:00,0.0,0.0
MAC000311,2013-07-28 01:00:00,0.0,0.0
MAC000311,2013-07-28 02:00:00,0.0,0.0
MAC000311,2013-07-28 03:00:00,0.0,0.0
MAC000311,2013-07-28 04:00:00,0.0,0.0
MAC000311,2013-07-28 05:00:00,0.0,0.0
MAC000311,2013-07-28 06:00:00,0.0,0.0
MAC000311,2013-07-28 07:00:00,0.0,0.0
MAC000311,2013-07-28 08:00:00,0.0,0.0
MAC000311,2013-07-28 09:00:00,0.0,0.0
MAC000311,2013-07-28 10:00:00,0.0,0.0
MAC000311,2013-07-28 11:00:00,0.0,0.12323841059441842
MAC000311,2013-07-28 12:00:00,0.0,2.4494561442273457
MAC000311,2013-07-28 13:00:00,0.0,0.8703809786097207
MAC000311,2013-07-28 14:00:00,0.0,0.323329422053655
MAC000311,2013-07-28 15:00:00,0.0,0.895618426410675
MAC000311,2013-07-28 16:00:00,0.0,0.8647395510851543
MAC000311,2013-07-28 17:00:00,0.0,0.0
MAC000311,2013-07-28 18:00:00,0.0,0.0
MAC000311,2013-07-28 19:00:00,0.0,0.0
MAC000311,2013-07-28 20:00:00,0.0,0.0
MAC000311,2013-07-28 21:00:00,0.0,0.0
MAC000311,2013-07-28 22:00:00,0.0,0.0
MAC000311,2013-07-28 23:00:00,0.0,0.0
MAC000311,2013-07-29 00:00:00,0.0,0.0
MAC000311,2013-07-29 01:00:00,0.0,0.0
MAC000311,2013-07-29 02:00:00,0.0,0.0
MAC000311,2013-07-29 03:00:00,0.0,0.0
MAC000311,2013-07-29 04:00:00,0.0,0.0
MAC000311,2013-07-29 05:00:00,0.0,0.0
MAC000311,2013-07-29 06:00:00,0.0,0.0
MAC000311,2013-07-29 07:00:00,0.0,0.0
MAC000311,2013-07-29 08:00:00,0.0,0.0
MAC000311,2013-07-29 09:00:00,0.0,0.0
MAC000311,2013-07-29 10:00:00,0.0,0.0
MAC000311,2013-07-29 11:00:00,0.0,0.0
MAC000311,2013-07-29 12:00:00,0.0,0.0
MAC000311,2013-07-29 13:00:00,0.0,2.680864982514678
MAC000311,2013-07-29 14:00:00,0.0,1.6359529295164743
MAC000311,2013-07-29 15:00:00,0.0,1.180568796892802
MAC000311,2013-07-29 16:00:00,0.0,0.671220135637919
MAC000311,2013-07-29 17:00:00,0.0,0.0
MAC000311,2013-07-29 18:00:00,0.0,0.0
MAC000311,2013-07-29 19:00:00,0.0,0.0
MAC000311,2013-07-29 20:00:00,0.0,0.0
MAC000311,2013-07-29 21:00:00,0.0,0.0
MAC000311,2013-07-29 22:00:00,0.0,0.0
MAC000311,2013-07-29 23:00:00,0.0,0.0
MAC000311,2013-07-30 00:00:00,0.0,0.0
MAC000311,2013-07-30 01:00:00,0.0,0.0
MAC000311,2013-07-30 02:00:00,0.0,0.0
MAC000311,2013-07-30 03:00:00,0.0,0.0
MAC000311,2013-07-30 04:00:00,0.0,0.0
MAC000311,2013-07-30 05:00:00,0.0,0.0
MAC000311,2013-07-30 06:00:00,0.0,0.0
MAC000311,2013-07-30 07:00:00,0.0,0.0
MAC000311,2013-07-30 08:00:00,0.8085651783205703,0.0
MAC000311,2013-07-30 09:00:00,0.38343138763554846,0.0
MAC000311,2013-07-30 10:00:00,0.025929563865025818,0.0
MAC000311,2013-07-30 11:00:00,0.0,0.0
MAC000311,2013-07-30 12:00:00,0.0,0.0
MAC000311,2013-07-30 13:00:00,0.0,0.0
MAC000311,2013-07-30 14:00:00,0.0,0.0
MAC000311,2013-07-30 15:00:00,0.0,0.0
MAC000311,2013-07-30 16:00:00,0.0,0.0
MAC000311,2013-07-30 17:00:00,0.0,0.0
MAC000311,2013-07-30 18:00:00,0.0,0.0
MAC000311,2013-07-30 19:00:00,0.0,0.0
MAC000311,2013-07-30 20:00:00,0.0,0.0
MAC000311,2013-07-30 21:00:00,0.0,0.0
MAC000311,2013-07-30 22:00:00,0.0,0.0
MAC000311,2013-07-30 23:00:00,0.0,0.0
MAC000311,2013-07-31 00:00:00,0.0,0.0
MAC000311,2013-07-31 01:00:00,0.0,0.0
MAC000311,2013-07-31 02:00:00,0.0,0.0
MAC000311,2013-07-31 03:00:00,0.07356652094054972,0.0
MAC000311,2013-07-31 04:00:00,0.4474063928616837,0.0
MAC000311,2013-07-31 05:00:00,0.6346109758377075,0.0
MAC000311,2013-07-31 06:00:00,0.840500659769694,0.0
MAC000311,2013-07-31 07:00:00,0.9792975027236939,0.0
MAC000311,2013-07-31 08:00:00,0.7532048508427938,0.0
MAC000311,2013-07-31 09:00:00,0.0,0.0
MAC000311,2013-07-31 10:00:00,0.0,0.0
MAC000311,2013-07-31 11:00:00,0.0,0.0
MAC000311,2013-07-31 12:00:00,0.0,0.0
MAC000311,2013-07-31 13:00:00,0.0,0.0
MAC000311,2013-07-31 14:00:00,0.0,0.0
MAC000311,2013-07-31 15:00:00,0.0,0.0
MAC000311,2013-07-31 16:00:00,0.0,0.0
MAC000311,2013-07-31 17:00:00,0.0,0.0
MAC000311,2013-07-31 18:00:00,0.0,0.0
MAC000311,2013-07-31 19:00:00,0.0,0.0
MAC000311,2013-07-31 20:00:00,0.0,0.0
MAC000311,2013-07-31 21:00:00,0.0,0.0
MAC000311,2013-07-31 22:00:00,0.0,0.0
MAC000311,2013-07-31 23:00:00,0.0,0.0
MAC000311,2013-08-01 00:00:00,0.0,0.0
MAC000311,2013-08-01 01:00:00,0.0,0.0
MAC000311,2013-08-01 02:00:00,0.0,0.0
MAC000311,2013-08-01 03:00:00,0.0,0.0
MAC000311,2013-08-01 04:00:00,0.0,0.0
MAC000311,2013-08-01 05:00:00,0.0,0.0
MAC000311,2013-08-01 06:00:00,0.0,0.0
MAC000311,2013-08-01 07:00:00,0.0,0.0
MAC000311,2013-08-01 08:00:00,0.0,0.0
MAC000311,2013-08-01 09:00:00,0.0,0.0
MAC000311,2013-08-01 10:00:00,0.0,0.0
MAC000311,2013-08-01 11:00:00,0.0,1.7367911191223842
MAC000311,2013-08-01 12:00:00,0.0,3.0862933333333333
MAC000311,2013-08-01 13:00:00,0.0,2.977975399754683
MAC000311,2013-08-01 14:00:00,0.0,2.4372485896240867
MAC000311,2013-08-01 15:00:00,0.0,1.7986408827590945
MAC000311,2013-08-01 16:00:00,0.0,1.3710257537523904
MAC000311,2013-08-01 17:00:00,0.0,0.8708624553419748
MAC000311,2013-08-01 18:00:00,0.0,0.0
MAC000311,2013-08-01 19:00:00,0.0,0.0
MAC000311,2013-08-01 20:00:00,0.0,0.0
MAC000311,2013-08-01 21:00:00,0.0,0.0
MAC000311,2013-08-01 22:00:00,0.0,0.0
MAC000311,2013-08-01 23:00:00,0.0,0.0
MAC000311,2013-08-02 00:00:00,0.0,0.0
MAC000311,2013-08-02 01:00:00,0.0,0.0
MAC000311,2013-08-02 02:00:00,0.0,0.0
MAC000311,2013-08-02 03:00:00,0.0,0.0
MAC000311,2013-08-02 04:00:00,0.0,0.0
MAC000311,2013-08-02 05:00:00,0.0,0.0
MAC000311,2013-08-02 06:00:00,0.0,0.0
MAC000311,2013-08-02 07:00:00,0.0,0.0
MAC000311,2013-08-02 08:00:00,0.0,0.0
MAC000311,2013-08-02 09:00:00,0.0,0.0
MAC000311,2013-08-02 10:00:00,0.0,0.0
MAC000311,2013-08-02 11:00:00,0.0,0.0
MAC000311,2013-08-02 12:00:00,0.0,0.0
MAC000311,2013-08-02 13:00:00,0.0,1.8025177116632358
MAC000311,2013-08-02 14:00:00,0.0,2.356957435402552
MAC000311,2013-08-02 15:00:00,0.0,1.8304174011777241
MAC000311,2013-08-02 16:00:00,0.0,1.2308900462201435
MAC000311,2013-08-02 17:00:00,0.0,0.044865827599843366
MAC000311,2013-08-02 18:00:00,0.0,0.0
MAC000311,2013-08-02 19:00:00,0.0,0.0
MAC000311,2013-08-02 20:00:00,0.0,0.0
MAC000311,2013-08-02 21:00:00,0.0,0.0
MAC000311,2013-08-02 22:00:00,0.0,0.0
MAC000311,2013-08-02 23:00:00,0.0,0.0
MAC000311,2013-08-03 00:00:00,0.0,0.0
MAC000311,2013-08-03 01:00:00,0.0,0.0
MAC000311,2013-08-03 02:00:00,0.0,0.0
MAC000311,2013-08-03 03:00:00,0.0,0.0
MAC000311,2013-08-03 04:00:00,0.0,0.0
MAC000311,2013-08-03 05:00:00,0.0,0.0
MAC000311,2013-08-03 06:00:00,0.0,0.0
MAC000311,2013-08-03 07:00:00,0.0,0.0
MAC000311,2013-08-03 08:00:00,0.0,0.0
MAC000311,2013-08-03 09:00:00,0.0,0.0
MAC000311,2013-08-03 10:00:00,0.0,0.0
MAC000311,2013-08-03 11:00:00,0.0,1.1454928850516426
MAC000311,2013-08-03 12:00:00,0.0,1.9135494646275837
MAC000311,2013-08-03 13:00:00,0.0,2.2511381641972865
MAC000311,2013-08-03 14:00:00,0.0,2.2342160269145968
MAC000311,2013-08-03 15:00:00,0.0,1.392363724761963
MAC000311,2013-08-03 16:00:00,0.0,0.40685751834487904
MAC000311,2013-08-03 17:00:00,0.0,0.10479769981384279
MAC000311,2013-08-03 18:00:00,0.0,0.0
MAC000311,2013-08-03 19:00:00,0.0,0.0
MAC000311,2013-08-03 20:00:00,0.0,0.0
MAC000311,2013-08-03 21:00:00,0.0,0.0
MAC000311,2013-08-03 22:00:00,0.0,0.0
MAC000311,2013-08-03 23:00:00,0.0,0.0
MAC000311,2013-08-04 00:00:00,0.0,0.0
MAC000311,2013-08-04 01:00:00,0.0,0.0
MAC000311,2013-08-04 02:00:00,0.0,0.0
MAC000311,2013-08-04 03:00:00,0.0,0.0
MAC000311,2013-08-04 04:00:00,0.0,0.0
MAC000311,2013-08-04 05:00:00,0.0,0.0
MAC000311,2013-08-04 06:00:00,0.0,0.0
MAC000311,2013-08-04 07:00:00,0.0,0.0
MAC000311,2013-08-04 08:00:00,0.0,0.0
MAC000311,2013-08-04 09:00:00,0.0,0.0
MAC000311,2013-08-04 10:00:00,0.0,0.0
MAC000311,2013-08-04 11:00:00,0.0,1.0013049257251123
MAC000311,2013-08-04 12:00:00,0.0,1.8007395653864542
MAC000311,2013-08-04 13:00:00,0.0,1.7388959435475666
MAC000311,2013-08-04 14:00:00,0.0,1.6424259910036723
MAC000311,2013-08-04 15:00:00,0.0,1.5210117958145142
MAC000311,2013-08-04 16:00:00,0.0,0.6785214788061775
MAC000311,2013-08-04 17:00:00,0.0,0.09161891723759963
MAC000311,2013-08-04 18:00:00,0.0,0.0
MAC000311,2013-08-04 19:00:00,0.0,0.0
MAC000311,2013-08-04 20:00:00,0.0,0.0
MAC000311,2013-08-04 21:00:00,0.0,0.0
MAC000311,2013-08-04 22:00:00,0.0,0.0
MAC000311,2013-08-04 23:00:00,0.0,0.0
MAC000311,2013-08-05 00:00:00,0.0,0.0
MAC000311,2013-08-05 01:00:00,0.0,0.0
MAC000311,2013-08-05 02:00:00,0.0,0.0
MAC000311,2013-08-05 03:00:00,0.0,0.0
MAC000311,2013-08-05 04:00:00,0.0,0.0
MAC000311,2013-08-05 05:00:00,0.0,0.0
MAC000311,2013-08-05 06:00:00,0.0,0.0
MAC000311,2013-08-05 07:00:00,0.0,0.0
MAC000311,2013-08-05 08:00:00,0.0,0.0
MAC000311,2013-08-05 09:00:00,0.0,0.0
MAC000311,2013-08-05 10:00:00,0.0,0.0
MAC000311,2013-08-05 11:00:00,0.0,0.0
MAC000311,2013-08-05 12:00:00,0.0,0.0
MAC000311,2013-08-05 13:00:00,0.0,0.5326669879281969
MAC000311,2013-08-05 14:00:00,0.0,0.7771507326259612
MAC000311,2013-08-05 15:00:00,0.0,0.0
MAC000311,2013-08-05 16:00:00,0.0,0.0
MAC000311,2013-08-05 17:00:00,0.0,0.0
MAC000311,2013-08-05 18:00:00,0.0,0.0
MAC000311,2013-08-05 19:00:00,0.0,0.0
MAC000311,2013-08-05 20:00:00,0.0,0.0
MAC000311,2013-08-05 21:00:00,0.0,0.0
MAC000311,2013-08-05 22:00:00,0.0,0.0
MAC000311,2013-08-05 23:00:00,0.0,0.0
MAC000311,2013-08-06 00:00:00,0.0,0.0
MAC000311,2013-08-06 01:00:00,0.0,0.0
MAC000311,2013-08-06 02:00:00,0.0,0.0
MAC000311,2013-08-06 03:00:00,0.0,0.0
MAC000311,2013-08-06 04:00:00,0.0,0.0
MAC000311,2013-08-06 05:00:00,0.0,0.0
MAC000311,2013-08-06 06:00:00,0.0,0.0
MAC000311,2013-08-06 07:00:00,0.0,0.0
MAC000311,2013-08-06 08:00:00,0.0,0.0
MAC000311,2013-08-06 09:00:00,0.0,0.0
MAC000311,2013-08-06 10:00:00,0.0,0.0
MAC000311,2013-08-06 11:00:00,0.0,0.1766800148368346
MAC000311,2013-08-06 12:00:00,0.0,2.345290225032807
MAC000311,2013-08-06 13:00:00,0.0,2.0401365378513336
MAC000311,2013-08-06 14:00:00,0.0,1.794739379729589
MAC000311,2013-08-06 15:00:00,0.0,0.8053055409386953
MAC000311,2013-08-06 16:00:00,0.0,0.4954604214655559
MAC000311,2013-08-06 17:00:00,0.0,0.20042128820101413
MAC000311,2013-08-06 18:00:00,0.0,0.0
MAC000311,2013-08-06 19:00:00,0.0,0.0
MAC000311,2013-08-06 20:00:00,0.0,0.0
MAC000311,2013-08-06 21:00:00,0.0,0.0
MAC000311,2013-08-06 22:00:00,0.0,0.0
MAC000311,2013-08-06 23:00:00,0.0,0.0
MAC000311,2013-08-07 00:00:00,0.0,0.0
MAC000311,2013-08-07 01:00:00,0.0,0.0
MAC000311,2013-08-07 02:00:00,0.0,0.0
MAC000311,2013-08-07 03:00:00,0.0,0.0
MAC000311,2013-08-07 04:00:00,0.0,0.0
MAC000311,2013-08-07 05:00:00,0.0,0.0
MAC000311,2013-08-07 06:00:00,0.0,0.0
MAC000311,2013-08-07 07:00:00,0.0,0.0
MAC000311,2013-08-07 08:00:00,0.0,0.0
MAC000311,2013-08-07 09:00:00,0.0,0.0
MAC000311,2013-08-07 10:00:00,0.0,0.0
MAC000311,2013-08-07 11:00:00,0.0,0.0
MAC000311,2013-08-07 12:00:00,0.0,1.2055350816784574
MAC000311,2013-08-07 13:00:00,0.0,2.028795743522962
MAC000311,2013-08-07 14:00:00,0.0,1.829355616484642
MAC000311,2013-08-07 15:00:00,0.0,1.2235714717655182
MAC000311,2013-08-07 16:00:00,0.0,1.4569525815073647
MAC000311,2013-08-07 17:00:00,0.0,0.5698087563203177
MAC000311,2013-08-07 18:00:00,0.0,0.0
MAC000311,2013-08-07 19:00:00,0.0,0.0
MAC000311,2013-08-07 20:00:00,0.0,0.0
MAC000311,2013-08-07 21:00:00,0.0,0.0
MAC000311,2013-08-07 22:00:00,0.0,0.0
MAC000311,2013-08-07 23:00:00,0.0,0.0
MAC000311,2013-08-08 00:00:00,0.0,0.0
MAC000311,2013-08-08 01:00:00,0.0,0.0
MAC000311,2013-08-08 02:00:00,0.0,0.0
MAC000311,2013-08-08 03:00:00,0.0,0.0
MAC000311,2013-08-08 04:00:00,0.0,0.0
MAC000311,2013-08-08 05:00:00,0.0,0.0
MAC000311,2013-08-08 06:00:00,0.0,0.0
MAC000311,2013-08-08 07:00:00,0.0,0.0
MAC000311,2013-08-08 08:00:00,0.0,0.0
MAC000311,2013-08-08 09:00:00,0.0,0.0
MAC000311,2013-08-08 10:00:00,0.0,0.0
MAC000311,2013-08-08 11:00:00,0.0,0.48582399435058043
MAC000311,2013-08-08 12:00:00,0.0,2.908989722609679
MAC000311,2013-08-08 13:00:00,0.0,2.5602645112651987
MAC000311,2013-08-08 14:00:00,0.0,2.3853956212423637
MAC000311,2013-08-08 15:00:00,0.0,1.725669600352605
MAC000311,2013-08-08 16:00:00,0.0,1.373669531880061
MAC000311,2013-08-08 17:00:00,0.0,0.0
MAC000311,2013-08-08 18:00:00,0.0,0.0
MAC000311,2013-08-08 19:00:00,0.0,0.0
MAC000311,2013-08-08 20:00:00,0.0,0.0
MAC000311,2013-08-08 21:00:00,0.0,0.0
MAC000311,2013-08-08 22:00:00,0.0,0.0
MAC000311,2013-08-08 23:00:00,0.0,0.0
MAC000311,2013-08-09 00:00:00,0.0,0.0
MAC000311,2013-08-09 01:00:00,0.0,0.0
MAC000311,2013-08-09 02:00:00,0.0,0.0
MAC000311,2013-08-09 03:00:00,0.0,0.0
MAC000311,2013-08-09 04:00:00,0.0,0.0
MAC000311,2013-08-09 05:00:00,0.0,0.0
MAC000311,2013-08-09 06:00:00,0.0,0.0
MAC000311,2013-08-09 07:00:00,0.0,0.0
MAC000311,2013-08-09 08:00:00,0.0,0.0
MAC000311,2013-08-09 09:00:00,0.0,0.0
MAC000311,2013-08-09 10:00:00,0.0,0.0
MAC000311,2013-08-09 11:00:00,0.0,0.0
MAC000311,2013-08-09 12:00:00,0.0,0.0
MAC000311,2013-08-09 13:00:00,0.0,1.7967005720473568
MAC000311,2013-08-09 14:00:00,0.0,1.4056165226745607
MAC000311,2013-08-09 15:00:00,0.0,1.5052965095189412
MAC000311,2013-08-09 16:00:00,0.0,0.4431529440434774
MAC000311,2013-08-09 17:00:00,0.0,0.0927405388921102
MAC000311,2013-08-09 18:00:00,0.0,0.0
MAC000311,2013-08-09 19:00:00,0.0,0.0
MAC000311,2013-08-09 20:00:00,0.0,0.0
MAC000311,2013-08-09 21:00:00,0.0,0.0
MAC000311,2013-08-09 22:00:00,0.0,0.0
MAC000311,2013-08-09 23:00:00,0.0,0.0
MAC000311,2013-08-10 00:00:00,0.0,0.0
MAC000311,2013-08-10 01:00:00,0.0,0.0
MAC000311,2013-08-10 02:00:00,0.0,0.0
MAC000311,2013-08-10 03:00:00,0.0,0.0
MAC000311,2013-08-10 04:00:00,0.0,0.0
MAC000311,2013-08-10 05:00:00,0.0,0.0
MAC000311,2013-08-10 06:00:00,0.0,0.0
MAC000311,2013-08-10 07:00:00,0.0,0.0
MAC000311,2013-08-10 08:00:00,0.0,0.0
MAC000311,2013-08-10 09:00:00,0.0,0.0
MAC000311,2013-08-10 10:00:00,0.0,0.0
MAC000311,2013-08-10 11:00:00,0.0,0.0
MAC000311,2013-08-10 12:00:00,0.0,0.0
MAC000311,2013-08-10 13:00:00,0.0,0.0
MAC000311,2013-08-10 14:00:00,0.0,0.0
MAC000311,2013-08-10 15:00:00,0.0,0.0
MAC000311,2013-08-10 16:00:00,0.0,0.0
MAC000311,2013-08-10 17:00:00,0.0,0.0
MAC000311,2013-08-10 18:00:00,0.0,0.0
MAC000311,2013-08-10 19:00:00,0.0,0.0
MAC000311,2013-08-10 20:00:00,0.0,0.0
MAC000311,2013-08-10 21:00:00,0.0,0.0
MAC000311,2013-08-10 22:00:00,0.0,0.0
MAC000311,2013-08-10 23:00:00,0.0,0.0
MAC000311,2013-08-11 00:00:00,0.0,0.0
MAC000311,2013-08-11 01:00:00,0.0,0.0
MAC000311,2013-08-11 02:00:00,0.0,0.0
MAC000311,2013-08-11 03:00:00,0.0,0.0
MAC000311,2013-08-11 04:00:00,0.0,0.0
MAC000311,2013-08-11 05:00:00,0.0,0.0
MAC000311,2013-08-11 06:00:00,0.0,0.0
MAC000311,2013-08-11 07:00:00,0.0,0.0
MAC000311,2013-08-11 08:00:00,0.0,0.0
MAC000311,2013-08-11 09:00:00,0.0,0.0
MAC000311,2013-08-11 10:00:00,0.0,0.0
MAC000311,2013-08-11 11:00:00,0.0,0.0
MAC000311,2013-08-11 12:00:00,0.0,0.06571497161007
MAC000311,2013-08-11 13:00:00,0.0,2.312009163228353
MAC000311,2013-08-11 14:00:00,0.0,1.921454006722768
MAC000311,2013-08-11 15:00:00,0.0,1.6348242322591142
MAC000311,2013-08-11 16:00:00,0.0,0.5070279097747803
MAC000311,2013-08-11 17:00:00,0.0,0.49141715377807604
MAC000311,2013-08-11 18:00:00,0.0,0.0
MAC000311,2013-08-11 19:00:00,0.0,0.0
MAC000311,2013-08-11 20:00:00,0.0,0.0
MAC000311,2013-08-11 21:00:00,0.0,0.0
MAC000311,2013-08-11 22:00:00,0.0,0.0
MAC000311,2013-08-11 23:00:00,0.0,0.0
MAC000311,2013-08-12 00:00:00,0.0,0.0
MAC000311,2013-08-12 01:00:00,0.0,0.0
MAC000311,2013-08-12 02:00:00,0.0,0.0
MAC000311,2013-08-12 03:00:00,0.0,0.0
MAC000311,2013-08-12 04:00:00,0.0,0.0
MAC000311,2013-08-12 05:00:00,0.0,0.0
MAC000311,2013-08-12 06:00:00,0.0,0.0
MAC000311,2013-08-12 07:00:00,0.0,0.0
MAC000311,2013-08-12 08:00:00,0.0,0.0
MAC000311,2013-08-12 09:00:00,0.0,0.0
MAC000311,2013-08-12 10:00:00,0.0,0.0
MAC000311,2013-08-12 11:00:00,0.0,0.0
MAC000311,2013-08-12 12:00:00,0.0,0.29667249181149735
MAC000311,2013-08-12 13:00:00,0.0,1.8392861623837153
MAC000311,2013-08-12 14:00:00,0.0,0.8537265373649596
MAC000311,2013-08-12 15:00:00,0.0,1.0658945688311259
MAC000311,2013-08-12 16:00:00,0.0,0.5895694616146088
MAC000311,2013-08-12 17:00:00,0.0,0.03151096442349749
MAC000311,2013-08-12 18:00:00,0.0,0.0
MAC000311,2013-08-12 19:00:00,0.0,0.0
MAC000311,2013-08-12 20:00:00,0.0,0.0
MAC000311,2013-08-12 21:00:00,0.0,0.0
MAC000311,2013-08-12 22:00:00,0.0,0.0
MAC000311,2013-08-12 23:00:00,0.0,0.0
MAC000311,2013-08-13 00:00:00,0.0,0.0
MAC000311,2013-08-13 01:00:00,0.0,0.0
MAC000311,2013-08-13 02:00:00,0.0,0.0
MAC000311,2013-08-13 03:00:00,0.0,0.0
MAC000311,2013-08-13 04:00:00,0.0,0.0
MAC000311,2013-08-13 05:00:00,0.0,0.0
MAC000311,2013-08-13 06:00:00,0.0,0.0
MAC000311,2013-08-13 07:00:00,0.0,0.0
MAC000311,2013-08-13 08:00:00,0.0,0.0
MAC000311,2013-08-13 09:00:00,0.0,0.0
MAC000311,2013-08-13 10:00:00,0.0,0.0
MAC000311,2013-08-13 11:00:00,0.0,0.0
MAC000311,2013-08-13 12:00:00,0.0,1.7556045936159563
MAC000311,2013-08-13 13:00:00,0.0,0.5996142899134953
MAC000311,2013-08-13 14:00:00,0.0,0.8470844597714742
MAC000311,2013-08-13 15:00:00,0.0,0.6138768301372529
MAC000311,2013-08-13 16:00:00,0.0,0.3905855369561514
MAC000311,2013-08-13 17:00:00,0.0,0.0
MAC000311,2013-08-13 18:00:00,0.0,0.0
MAC000311,2013-08-13 19:00:00,0.0,0.0
MAC000311,2013-08-13 20:00:00,0.0,0.0
MAC000311,2013-08-13 21:00:00,0.0,0.0
MAC000311,2013-08-13 22:00:00,0.0,0.0
MAC000311,2013-08-13 23:00:00,0.0,0.0
MAC000311,2013-08-14 00:00:00,0.0,0.0
MAC000311,2013-08-14 01:00:00,0.0,0.0
MAC000311,2013-08-14 02:00:00,0.0,0.0
MAC000311,2013-08-14 03:00:00,0.0,0.0
MAC000311,2013-08-14 04:00:00,0.0,0.0
MAC000311,2013-08-14 05:00:00,0.0,0.0
MAC000311,2013-08-14 06:00:00,0.0,0.0
MAC000311,2013-08-14 07:00:00,0.0,0.0
MAC000311,2013-08-14 08:00:00,0.0,0.0
MAC000311,2013-08-14 09:00:00,0.0,0.0
MAC000311,2013-08-14 10:00:00,0.0,0.0
MAC000311,2013-08-14 11:00:00,0.0,0.0
MAC000311,2013-08-14 12:00:00,0.0,0.17949142599154655
MAC000311,2013-08-14 13:00:00,0.0,1.8804537327013016
MAC000311,2013-08-14 14:00:00,0.0,1.1703233741620382
MAC000311,2013-08-14 15:00:00,0.0,0.8443499875475566
MAC000311,2013-08-14 16:00:00,0.0,0.20379541337776186
MAC000311,2013-08-14 17:00:00,0.0,0.0
MAC000311,2013-08-14 18:00:00,0.0,0.0
MAC000311,2013-08-14 19:00:00,0.0,0.0
MAC000311,2013-08-14 20:00:00,0.0,0.0
MAC000311,2013-08-14 21:00:00,0.0,0.0
MAC000311,2013-08-14 22:00:00,0.0,0.0
MAC000311,2013-08-14 23:00:00,0.0,0.0
MAC000311,2013-08-15 00:00:00,0.0,0.0
MAC000311,2013-08-15 01:00:00,0.0,0.0
MAC000311,2013-08-15 02:00:00,0.0,0.0
MAC000311,2013-08-15 03:00:00,0.0,0.0
MAC000311,2013-08-15 04:00:00,0.0,0.0
MAC000311,2013-08-15 05:00:00,0.0,0.0
MAC000311,2013-08-15 06:00:00,0.0,0.0
MAC000311,2013-08-15 07:00:00,0.0,0.0
MAC000311,2013-08-15 08:00:00,0.0,0.0
MAC000311,2013-08-15 09:00:00,0.0,0.0
MAC000311,2013-08-15 10:00:00,0.0,0.0
MAC000311,2013-08-15 11:00:00,0.0,0.0
MAC000311,2013-08-15 12:00:00,0.0,0.0
MAC000311,2013-08-15 13:00:00,0.0,0.0
MAC000311,2013-08-15 14:00:00,0.0,0.0
MAC000311,2013-08-15 15:00:00,0.0,0.0
MAC000311,2013-08-15 16:00:00,0.0,0.0
MAC000311,2013-08-15 17:00:00,0.0,0.0
MAC000311,2013-08-15 18:00:00,0.0,0.0
MAC000311,2013-08-15 19:00:00,0.0,0.0
MAC000311,2013-08-15 20:00:00,0.0,0.0
MAC000311,2013-08-15 21:00:00,0.0,0.0
MAC000311,2013-08-15 22:00:00,0.0,0.0
MAC000311,2013-08-15 23:00:00,0.0,0.0
MAC000311,2013-08-16 00:00:00,0.0,0.0
MAC000311,2013-08-16 01:00:00,0.0,0.0
MAC000311,2013-08-16 02:00:00,0.0,0.0
MAC000311,2013-08-16 03:00:00,0.0,0.0
MAC000311,2013-08-16 04:00:00,0.0,0.0
MAC000311,2013-08-16 05:00:00,0.0,0.0
MAC000311,2013-08-16 06:00:00,0.0,0.0
MAC000311,2013-08-16 07:00:00,0.0,0.0
MAC000311,2013-08-16 08:00:00,0.0,0.0
MAC000311,2013-08-16 09:00:00,0.0,0.0
MAC000311,2013-08-16 10:00:00,0.0,0.0
MAC000311,2013-08-16 11:00:00,0.0,0.0
MAC000311,2013-08-16 12:00:00,0.0,0.0
MAC000311,2013-08-16 13:00:00,0.0,0.0
MAC000311,2013-08-16 14:00:00,0.0,0.0
MAC000311,2013-08-16 15:00:00,0.0,0.0
MAC000311,2013-08-16 16:00:00,0.0,0.0
MAC000311,2013-08-16 17:00:00,0.0,0.0
MAC000311,2013-08-16 18:00:00,0.0,0.0
MAC000311,2013-08-16 19:00:00,0.0,0.0
MAC000311,2013-08-16 20:00:00,0.0,0.0
MAC000311,2013-08-16 21:00:00,0.0,0.0
MAC000311,2013-08-16 22:00:00,0.0,0.0
MAC000311,2013-08-16 23:00:00,0.1132800320973183,0.0
MAC000311,2013-08-17 00:00:00,0.4949114024639125,0.0
MAC000311,2013-08-17 01:00:00,0.3315555453300476,0.0
MAC000311,2013-08-17 02:00:00,0.2388642132282257,0.0
MAC000311,2013-08-17 03:00:00,0.21457555890083313,0.0
MAC000311,2013-08-17 04:00:00,0.27732187509536743,0.0
MAC000311,2013-08-17 05:00:00,0.32138607991981505,0.0
MAC000311,2013-08-17 06:00:00,0.09943756240081791,0.0
MAC000311,2013-08-17 07:00:00,0.0,0.0
MAC000311,2013-08-17 08:00:00,0.0,0.0
MAC000311,2013-08-17 09:00:00,0.0,0.0
MAC000311,2013-08-17 10:00:00,0.0,0.0
MAC000311,2013-08-17 11:00:00,0.0,0.0
MAC000311,2013-08-17 12:00:00,0.0,0.0
MAC000311,2013-08-17 13:00:00,0.0,0.0
MAC000311,2013-08-17 14:00:00,0.0,0.0
MAC000311,2013-08-17 15:00:00,0.0,0.0
MAC000311,2013-08-17 16:00:00,0.0,0.0
MAC000311,2013-08-17 17:00:00,0.0,0.0
MAC000311,2013-08-17 18:00:00,0.0,0.0
MAC000311,2013-08-17 19:00:00,0.0,0.0
MAC000311,2013-08-17 20:00:00,0.565582071833087,0.0
MAC000311,2013-08-17 21:00:00,0.8050478100776672,0.0
MAC000311,2013-08-17 22:00:00,0.7086681723594666,0.0
MAC000311,2013-08-17 23:00:00,0.5405589938163757,0.0
MAC000311,2013-08-18 00:00:00,0.3392125368118286,0.0
MAC000311,2013-08-18 01:00:00,0.16316720843315125,0.0
MAC000311,2013-08-18 02:00:00,0.04731960594654083,0.0
MAC000311,2013-08-18 03:00:00,0.029051847755908966,0.0
MAC000311,2013-08-18 04:00:00,0.12445008754730225,0.0
MAC000311,2013-08-18 05:00:00,0.2579093987649282,0.0
MAC000311,2013-08-18 06:00:00,0.12102670255025227,0.0
MAC000311,2013-08-18 07:00:00,0.0,0.0
MAC000311,2013-08-18 08:00:00,0.0,0.0
MAC000311,2013-08-18 09:00:00,0.0,0.0
MAC000311,2013-08-18 10:00:00,0.0,0.0
MAC000311,2013-08-18 11:00:00,0.0,0.0
MAC000311,2013-08-18 12:00:00,0.0,0.0
MAC000311,2013-08-18 13:00:00,0.0,0.0
MAC000311,2013-08-18 14:00:00,0.0,0.0
MAC000311,2013-08-18 15:00:00,0.0,0.0
MAC000311,2013-08-18 16:00:00,0.0,0.0
MAC000311,2013-08-18 17:00:00,0.0,0.0
MAC000311,2013-08-18 18:00:00,0.0,0.0
MAC000311,2013-08-18 19:00:00,0.0,0.0
MAC000311,2013-08-18 20:00:00,0.0,0.0
MAC000311,2013-08-18 21:00:00,0.0,0.0
MAC000311,2013-08-18 22:00:00,0.0,0.0
MAC000311,2013-08-18 23:00:00,0.0,0.0
MAC000311,2013-08-19 00:00:00,0.0,0.0
MAC000311,2013-08-19 01:00:00,0.0,0.0
MAC000311,2013-08-19 02:00:00,0.0,0.0
MAC000311,2013-08-19 03:00:00,0.0,0.0
MAC000311,2013-08-19 04:00:00,0.0,0.0
MAC000311,2013-08-19 05:00:00,0.0,0.0
MAC000311,2013-08-19 06:00:00,0.31238306600907856,0.0
MAC000311,2013-08-19 07:00:00,0.0,0.0
MAC000311,2013-08-19 08:00:00,0.0,0.0
MAC000311,2013-08-19 09:00:00,0.0,0.0
MAC000311,2013-08-19 10:00:00,0.0,0.0
MAC000311,2013-08-19 11:00:00,0.0,0.0
MAC000311,2013-08-19 12:00:00,0.0,0.0
MAC000311,2013-08-19 13:00:00,0.0,0.0
MAC000311,2013-08-19 14:00:00,0.0,0.7485526800387715
MAC000311,2013-08-19 15:00:00,0.0,1.2130040744101205
MAC000311,2013-08-19 16:00:00,0.0,0.9558477544174193
MAC000311,2013-08-19 17:00:00,0.0,0.463015834130605
MAC000311,2013-08-19 18:00:00,0.0,0.0
MAC000311,2013-08-19 19:00:00,0.0,0.0
MAC000311,2013-08-19 20:00:00,0.0,0.0
MAC000311,2013-08-19 21:00:00,0.0,0.0
MAC000311,2013-08-19 22:00:00,0.0,0.0
MAC000311,2013-08-19 23:00:00,0.0,0.0
MAC000311,2013-08-20 00:00:00,0.0,0.0
MAC000311,2013-08-20 01:00:00,0.0,0.0
MAC000311,2013-08-20 02:00:00,0.0,0.0
MAC000311,2013-08-20 03:00:00,0.0,0.0
MAC000311,2013-08-20 04:00:00,0.0,0.0
MAC000311,2013-08-20 05:00:00,0.0,0.0
MAC000311,2013-08-20 06:00:00,0.0,0.0
MAC000311,2013-08-20 07:00:00,0.0,0.0
MAC000311,2013-08-20 08:00:00,0.0,0.0
MAC000311,2013-08-20 09:00:00,0.0,0.0
MAC000311,2013-08-20 10:00:00,0.0,0.0
MAC000311,2013-08-20 11:00:00,0.0,0.6312549019481835
MAC000311,2013-08-20 12:00:00,0.0,2.185522837326447
MAC000311,2013-08-20 13:00:00,0.0,2.9606609053850965
MAC000311,2013-08-20 14:00:00,0.0,2.37846116431888
MAC000311,2013-08-20 15:00:00,0.0,1.980843235482216
MAC000311,2013-08-20 16:00:00,0.0,1.1690343344682057
MAC000311,2013-08-20 17:00:00,0.0,0.3670919380467733
MAC000311,2013-08-20 18:00:00,0.0,0.0
MAC000311,2013-08-20 19:00:00,0.0,0.0
MAC000311,2013-08-20 20:00:00,0.0,0.0
MAC000311,2013-08-20 21:00:00,0.0,0.0
MAC000311,2013-08-20 22:00:00,0.0,0.0
MAC000311,2013-08-20 23:00:00,0.0,0.0
MAC000311,2013-08-21 00:00:00,0.0,0.0
MAC000311,2013-08-21 01:00:00,0.0,0.0
MAC000311,2013-08-21 02:00:00,0.0,0.0
MAC000311,2013-08-21 03:00:00,0.0,0.0
MAC000311,2013-08-21 04:00:00,0.0,0.0
MAC000311,2013-08-21 05:00:00,0.0,0.0
MAC000311,2013-08-21 06:00:00,0.0,0.0
MAC000311,2013-08-21 07:00:00,0.0,0.0
MAC000311,2013-08-21 08:00:00,0.0,0.0
MAC000311,2013-08-21 09:00:00,0.0,0.0
MAC000311,2013-08-21 10:00:00,0.0,0.0
MAC000311,2013-08-21 11:00:00,0.0,0.0
MAC000311,2013-08-21 12:00:00,0.0,2.696470036771014
MAC000311,2013-08-21 13:00:00,0.0,2.6421173333333337
MAC000311,2013-08-21 14:00:00,0.0,2.1940027107978657
MAC000311,2013-08-21 15:00:00,0.0,1.7762102640508015
MAC000311,2013-08-21 16:00:00,0.0,1.0242063461558024
MAC000311,2013-08-21 17:00:00,0.0,0.3144764265995027
MAC000311,2013-08-21 18:00:00,0.0,0.0
MAC000311,2013-08-21 19:00:00,0.0,0.0
MAC000311,2013-08-21 20:00:00,0.0,0.0
MAC000311,2013-08-21 21:00:00,0.0,0.0
MAC000311,2013-08-21 22:00:00,0.0,0.0
MAC000311,2013-08-21 23:00:00,0.0,0.0
MAC000311,2013-08-22 00:00:00,0.0,0.0
MAC000311,2013-08-22 01:00:00,0.0,0.0
MAC000311,2013-08-22 02:00:00,0.0,0.0
MAC000311,2013-08-22 03:00:00,0.0,0.0
MAC000311,2013-08-22 04:00:00,0.0,0.0
MAC000311,2013-08-22 05:00:00,0.0,0.0
MAC000311,2013-08-22 06:00:00,0.0,0.0
MAC000311,2013-08-22 07:00:00,0.0,0.0
MAC000311,2013-08-22 08:00:00,0.0,0.0
MAC000311,2013-08-22 09:00:00,0.0,0.0
MAC000311,2013-08-22 10:00:00,0.0,0.0
MAC000311,2013-08-22 11:00:00,0.0,0.0
MAC000311,2013-08-22 12:00:00,0.0,0.0
MAC000311,2013-08-22 13:00:00,0.0,0.0
MAC000311,2013-08-22 14:00:00,0.0,0.0
MAC000311,2013-08-22 15:00:00,0.0,0.0
MAC000311,2013-08-22 16:00:00,0.0,0.0
MAC000311,2013-08-22 17:00:00,0.0,0.0
MAC000311,2013-08-22 18:00:00,0.0,0.0
MAC000311,2013-08-22 19:00:00,0.0,0.0
MAC000311,2013-08-22 20:00:00,0.0,0.0
MAC000311,2013-08-22 21:00:00,0.0,0.0
MAC000311,2013-08-22 22:00:00,0.0,0.0
MAC000311,2013-08-22 23:00:00,0.0,0.0
MAC000311,2013-08-23 00:00:00,0.0,0.0
MAC000311,2013-08-23 01:00:00,0.0,0.0
MAC000311,2013-08-23 02:00:00,0.0,0.0
MAC000311,2013-08-23 03:00:00,0.0,0.0
MAC000311,2013-08-23 04:00:00,0.0,0.0
MAC000311,2013-08-23 05:00:00,0.0,0.0
MAC000311,2013-08-23 06:00:00,0.0,0.0
MAC000311,2013-08-23 07:00:00,0.0,0.0
MAC000311,2013-08-23 08:00:00,0.0,0.0
MAC000311,2013-08-23 09:00:00,0.0,0.0
MAC000311,2013-08-23 10:00:00,0.0,0.0
MAC000311,2013-08-23 11:00:00,0.0,0.0
MAC000311,2013-08-23 12:00:00,0.0,0.6099305694559138
MAC000311,2013-08-23 13:00:00,0.0,0.7718849342835745
MAC000311,2013-08-23 14:00:00,0.0,0.4593591967334747
MAC000311,2013-08-23 15:00:00,0.0,0.09886477149518325
MAC000311,2013-08-23 16:00:00,0.0,0.0
MAC000311,2013-08-23 17:00:00,0.0,0.0
MAC000311,2013-08-23 18:00:00,0.0,0.0
MAC000311,2013-08-23 19:00:00,0.0,0.0
MAC000311,2013-08-23 20:00:00,0.0,0.0
MAC000311,2013-08-23 21:00:00,0.0,0.0
MAC000311,2013-08-23 22:00:00,0.0,0.0
MAC000311,2013-08-23 23:00:00,0.0,0.0
MAC000311,2013-08-24 00:00:00,0.0,0.0
MAC000311,2013-08-24 01:00:00,0.0,0.0
MAC000311,2013-08-24 02:00:00,0.0,0.0
MAC000311,2013-08-24 03:00:00,0.0,0.0
MAC000311,2013-08-24 04:00:00,0.0,0.0
MAC000311,2013-08-24 05:00:00,0.0,0.0
MAC000311,2013-08-24 06:00:00,0.0,0.0
MAC000311,2013-08-24 07:00:00,0.0,0.0
MAC000311,2013-08-24 08:00:00,0.333228276080771,0.0
MAC000311,2013-08-24 09:00:00,0.5706651118100484,0.0
MAC000311,2013-08-24 10:00:00,0.0,0.0
MAC000311,2013-08-24 11:00:00,0.19534745237978313,0.0
MAC000311,2013-08-24 12:00:00,0.0,0.0
MAC000311,2013-08-24 13:00:00,0.26004670524725926,0.0
MAC000311,2013-08-24 14:00:00,0.21568921676762898,0.0
MAC000311,2013-08-24 15:00:00,0.3409738191947937,0.0
MAC000311,2013-08-24 16:00:00,0.39491107870101927,0.0
MAC000311,2013-08-24 17:00:00,0.5409036391309102,0.0
MAC000311,2013-08-24 18:00:00,0.7403942016067505,0.0
MAC000311,2013-08-24 19:00:00,0.8833345770835876,0.0
MAC000311,2013-08-24 20:00:00,0.9036471247673035,0.0
MAC000311,2013-08-24 21:00:00,0.8612207770347595,0.0
MAC000311,2013-08-24 22:00:00,0.7398303151130676,0.0
MAC000311,2013-08-24 23:00:00,0.5617623329162598,0.0
MAC000311,2013-08-25 00:00:00,0.3540942668914795,0.0
MAC000311,2013-08-25 01:00:00,0.1819027066230774,0.0
MAC000311,2013-08-25 02:00:00,0.06944078207015991,0.0
MAC000311,2013-08-25 03:00:00,0.04699200019240379,0.0
MAC000311,2013-08-25 04:00:00,0.1298719346523285,0.0
MAC000311,2013-08-25 05:00:00,0.30970857958221437,0.0
MAC000311,2013-08-25 06:00:00,0.48754231180063884,0.0
MAC000311,2013-08-25 07:00:00,0.41965891247049975,0.0
MAC000311,2013-08-25 08:00:00,0.17188339285405474,0.0
MAC000311,2013-08-25 09:00:00,0.0,0.0
MAC000311,2013-08-25 10:00:00,0.0,0.0
MAC000311,2013-08-25 11:00:00,0.0,0.0
MAC000311,2013-08-25 12:00:00,0.0,0.0
MAC000311,2013-08-25 13:00:00,0.0,0.0
MAC000311,2013-08-25 14:00:00,0.0,0.0
MAC000311,2013-08-25 15:00:00,0.0,0.0
MAC000311,2013-08-25 16:00:00,0.0,0.0
MAC000311,2013-08-25 17:00:00,0.0,0.0
MAC000311,2013-08-25 18:00:00,0.0,0.0
MAC000311,2013-08-25 19:00:00,0.0,0.0
MAC000311,2013-08-25 20:00:00,0.0,0.0
MAC000311,2013-08-25 21:00:00,0.0,0.0
MAC000311,2013-08-25 22:00:00,0.0,0.0
MAC000311,2013-08-25 23:00:00,0.0,0.0
MAC000311,2013-08-26 00:00:00,0.0,0.0
MAC000311,2013-08-26 01:00:00,0.0,0.0
MAC000311,2013-08-26 02:00:00,0.0,0.0
MAC000311,2013-08-26 03:00:00,0.0,0.0
MAC000311,2013-08-26 04:00:00,0.0,0.0
MAC000311,2013-08-26 05:00:00,0.0,0.0
MAC000311,2013-08-26 06:00:00,0.005695181746826372,0.0
MAC000311,2013-08-26 07:00:00,0.7593061538035075,0.0
MAC000311,2013-08-26 08:00:00,0.041730460192362484,0.0
MAC000311,2013-08-26 09:00:00,0.0,0.0
MAC000311,2013-08-26 10:00:00,0.0,0.0
MAC000311,2013-08-26 11:00:00,0.0,0.0
MAC000311,2013-08-26 12:00:00,0.0,0.0
MAC000311,2013-08-26 13:00:00,0.0,1.241423868644714
MAC000311,2013-08-26 14:00:00,0.0,1.212439790500005
MAC000311,2013-08-26 15:00:00,0.0,0.6637371153729756
MAC000311,2013-08-26 16:00:00,0.0,0.6404251700197856
MAC000311,2013-08-26 17:00:00,0.0,0.0
MAC000311,2013-08-26 18:00:00,0.0,0.0
MAC000311,2013-08-26 19:00:00,0.0,0.0
MAC000311,2013-08-26 20:00:00,0.0,0.0
MAC000311,2013-08-26 21:00:00,0.0,0.0
MAC000311,2013-08-26 22:00:00,0.0,0.0
MAC000311,2013-08-26 23:00:00,0.0,0.0
MAC000311,2013-08-27 00:00:00,0.0,0.0
MAC000311,2013-08-27 01:00:00,0.0,0.0
MAC000311,2013-08-27 02:00:00,0.0,0.0
MAC000311,2013-08-27 03:00:00,0.0,0.0
MAC000311,2013-08-27 04:00:00,0.0,0.0
MAC000311,2013-08-27 05:00:00,0.0,0.0
MAC000311,2013-08-27 06:00:00,0.0,0.0
MAC000311,2013-08-27 07:00:00,0.0,0.0
MAC000311,2013-08-27 08:00:00,0.0,0.0
MAC000311,2013-08-27 09:00:00,0.0,0.0
MAC000311,2013-08-27 10:00:00,0.0,0.0
MAC000311,2013-08-27 11:00:00,0.0,0.0
MAC000311,2013-08-27 12:00:00,0.0,0.0
MAC000311,2013-08-27 13:00:00,0.0,1.9384772728144632
MAC000311,2013-08-27 14:00:00,0.0,2.332699176910082
MAC000311,2013-08-27 15:00:00,0.0,1.728923233943939
MAC000311,2013-08-27 16:00:00,0.0,1.1769894972330728
MAC000311,2013-08-27 17:00:00,0.0,0.24864108351961778
MAC000311,2013-08-27 18:00:00,0.0,0.0
MAC000311,2013-08-27 19:00:00,0.0,0.0
MAC000311,2013-08-27 20:00:00,0.0,0.0
MAC000311,2013-08-27 21:00:00,0.0,0.0
MAC000311,2013-08-27 22:00:00,0.0,0.0
MAC000311,2013-08-27 23:00:00,0.0,0.0
MAC000311,2013-08-28 00:00:00,0.0,0.0
MAC000311,2013-08-28 01:00:00,0.0,0.0
MAC000311,2013-08-28 02:00:00,0.0,0.0
MAC000311,2013-08-28 03:00:00,0.0,0.0
MAC000311,2013-08-28 04:00:00,0.0,0.0
MAC000311,2013-08-28 05:00:00,0.0,0.0
MAC000311,2013-08-28 06:00:00,0.0,0.0
MAC000311,2013-08-28 07:00:00,0.0,0.0
MAC000311,2013-08-28 08:00:00,0.0,0.0
MAC000311,2013-08-28 09:00:00,0.0,0.0
MAC000311,2013-08-28 10:00:00,0.0,0.0
MAC000311,2013-08-28 11:00:00,0.0,0.0
MAC000311,2013-08-28 12:00:00,0.0,1.6283238962733664
MAC000311,2013-08-28 13:00:00,0.0,2.6139653333333333
MAC000311,2013-08-28 14:00:00,0.0,2.300389129785538
MAC000311,2013-08-28 15:00:00,0.0,1.4990180679009755
MAC000311,2013-08-28 16:00:00,0.0,0.5545973610388438
MAC000311,2013-08-28 17:00:00,0.0,0.018204763762791953
MAC000311,2013-08-28 18:00:00,0.0,0.0
MAC000311,2013-08-28 19:00:00,0.0,0.0
MAC000311,2013-08-28 20:00:00,0.0,0.0
MAC000311,2013-08-28 21:00:00,0.0,0.0
MAC000311,2013-08-28 22:00:00,0.0,0.0
MAC000311,2013-08-28 23:00:00,0.0,0.0
MAC000311,2013-08-29 00:00:00,0.0,0.0
MAC000311,2013-08-29 01:00:00,0.0,0.0
MAC000311,2013-08-29 02:00:00,0.0,0.0
MAC000311,2013-08-29 03:00:00,0.0,0.0
MAC000311,2013-08-29 04:00:00,0.0,0.0
MAC000311,2013-08-29 05:00:00,0.0,0.0
MAC000311,2013-08-29 06:00:00,0.0,0.0
MAC000311,2013-08-29 07:00:00,0.0,0.0
MAC000311,2013-08-29 08:00:00,0.0,0.0
MAC000311,2013-08-29 09:00:00,0.0,0.0
MAC000311,2013-08-29 10:00:00,0.0,0.0
MAC000311,2013-08-29 11:00:00,0.0,0.0
MAC000311,2013-08-29 12:00:00,0.0,2.44911328996711
MAC000311,2013-08-29 13:00:00,0.0,2.1581967530501682
MAC000311,2013-08-29 14:00:00,0.0,1.722878458223661
MAC000311,2013-08-29 15:00:00,0.0,0.8238279063949585
MAC000311,2013-08-29 16:00:00,0.0,0.46287869771703083
MAC000311,2013-08-29 17:00:00,0.0,0.3556625497334799
MAC000311,2013-08-29 18:00:00,0.0,0.0
MAC000311,2013-08-29 19:00:00,0.0,0.0
MAC000311,2013-08-29 20:00:00,0.0,0.0
MAC000311,2013-08-29 21:00:00,0.0,0.0
MAC000311,2013-08-29 22:00:00,0.0,0.0
MAC000311,2013-08-29 23:00:00,0.0,0.0
MAC000311,2013-08-30 00:00:00,0.0,0.0
MAC000311,2013-08-30 01:00:00,0.0,0.0
MAC000311,2013-08-30 02:00:00,0.0,0.0
MAC000311,2013-08-30 03:00:00,0.0,0.0
MAC000311,2013-08-30 04:00:00,0.0,0.0
MAC000311,2013-08-30 05:00:00,0.0,0.0
MAC000311,2013-08-30 06:00:00,0.0,0.0
MAC000311,2013-08-30 07:00:00,0.0,0.0
MAC000311,2013-08-30 08:00:00,0.0,0.0
MAC000311,2013-08-30 09:00:00,0.0,0.0
MAC000311,2013-08-30 10:00:00,0.0,0.0
MAC000311,2013-08-30 11:00:00,0.0,0.0
MAC000311,2013-08-30 12:00:00,0.0,0.6199151012653972
MAC000311,2013-08-30 13:00:00,0.0,2.0861444813658396
MAC000311,2013-08-30 14:00:00,0.0,1.9307355837529503
MAC000311,2013-08-30 15:00:00,0.0,1.3382055149599712
MAC000311,2013-08-30 16:00:00,0.0,0.590744429347992
MAC000311,2013-08-30 17:00:00,0.0,0.0
MAC000311,2013-08-30 18:00:00,0.0,0.0
MAC000311,2013-08-30 19:00:00,0.0,0.0
MAC000311,2013-08-30 20:00:00,0.0,0.0
MAC000311,2013-08-30 21:00:00,0.0,0.0
MAC000311,2013-08-30 22:00:00,0.0,0.0
MAC000311,2013-08-30 23:00:00,0.0,0.0
MAC000311,2013-08-31 00:00:00,0.0,0.0
MAC000311,2013-08-31 01:00:00,0.0,0.0
MAC000311,2013-08-31 02:00:00,0.0,0.0
MAC000311,2013-08-31 03:00:00,0.0,0.0
MAC000311,2013-08-31 04:00:00,0.0,0.0
MAC000311,2013-08-31 05:00:00,0.0,0.0
MAC000311,2013-08-31 06:00:00,0.0,0.0
MAC000311,2013-08-31 07:00:00,0.0,0.0
MAC000311,2013-08-31 08:00:00,0.0,0.0
MAC000311,2013-08-31 09:00:00,0.0,0.0
MAC000311,2013-08-31 10:00:00,0.0,0.0
MAC000311,2013-08-31 11:00:00,0.0,0.0
MAC000311,2013-08-31 12:00:00,0.0,1.9013888087161799
MAC000311,2013-08-31 13:00:00,0.0,2.022817982273102
MAC000311,2013-08-31 14:00:00,0.0,1.7407754737701415
MAC000311,2013-08-31 15:00:00,0.0,1.2683238793385825
MAC000311,2013-08-31 16:00:00,0.0,0.650642605832418
MAC000311,2013-08-31 17:00:00,0.0,0.0
MAC000311,2013-08-31 18:00:00,0.0,0.0
MAC000311,2013-08-31 19:00:00,0.0,0.0
MAC000311,2013-08-31 20:00:00,0.0,0.0
MAC000311,2013-08-31 21:00:00,0.0,0.0
MAC000311,2013-08-31 22:00:00,0.0,0.0
MAC000311,2013-08-31 23:00:00,0.0,0.0
